title,authors,date_published,date_updated,tags,url
A modern approach for secure End User access with Amazon WorkSpaces and AWS Verified Access,,2025-10-03T15:08:28+00:00,2025-10-03T15:08:28+00:00,Amazon WorkSpaces,https://aws.amazon.com/blogs/desktop-and-application-streaming/a-modern-approach-for-secure-end-user-access-with-amazon-workspaces-and-aws-verified-access/
Accelerate your data center exit with Amazon WorkSpaces Core,,2024-10-25T15:17:14+00:00,2024-10-25T15:17:14+00:00,Amazon WorkSpaces Core,https://aws.amazon.com/blogs/desktop-and-application-streaming/accelerate-your-data-center-exit-with-amazon-workspaces-core/
Accelerating cloud-based delivery of applications as a competitive advantage,,2023-09-01T16:30:47+00:00,2023-09-07T15:14:08+00:00,Amazon AppStream 2.0,https://aws.amazon.com/blogs/desktop-and-application-streaming/accelerating-cloud-based-delivery-of-applications-as-a-competitive-advantage/
Accessing AWS resources using AWS IAM Roles Anywhere from Amazon WorkSpaces,,2024-08-16T22:47:40+00:00,2024-09-12T08:06:54+00:00,Amazon WorkSpaces,https://aws.amazon.com/blogs/desktop-and-application-streaming/accessing-aws-resources-from-amazon-workspaces-using-aws-iam-roles-anywhere/
Active Directory Group Membership Based WorkSpaces Applications Application Targeting,,2021-05-10T16:51:13+00:00,2025-11-11T17:24:08+00:00,Amazon AppStream 2.0,https://aws.amazon.com/blogs/desktop-and-application-streaming/active-directory-group-membership-based-appstream-2-0-application-targeting/
Add your WorkSpaces to Microsoft Entra ID using Microsoft Entra Domain Services,,2019-04-24T18:43:36+00:00,2025-01-22T15:54:01+00:00,Amazon WorkSpaces,https://aws.amazon.com/blogs/desktop-and-application-streaming/add-your-workspaces-to-azure-ad-using-azure-active-directory-domain-services/
Adding SAML authentication to an Amazon AppStream 2.0 SaaS Portal,,2020-12-18T21:39:57+00:00,2020-12-18T21:39:57+00:00,End User Computing,https://aws.amazon.com/blogs/desktop-and-application-streaming/adding-saml-authentication-to-an-amazon-appstream-2-0-saas-portal/
Advancing business continuity with Amazon WorkSpaces Multi-Region Resilience,,2022-11-17T23:39:19+00:00,2022-11-18T01:56:31+00:00,Announcements,https://aws.amazon.com/blogs/desktop-and-application-streaming/advancing-business-continuity-with-amazon-workspaces-multi-region-resilience/
Agency Systems deploys fully managed DaaS technology to improve customer experience,,2022-10-20T19:10:15+00:00,2023-06-12T14:53:07+00:00,Amazon WorkSpaces,https://aws.amazon.com/blogs/desktop-and-application-streaming/agency-systems-deploys-fully-managed-daas-technology-to-improve-customer-experience/
Amazon AppStream 2.0 adds support for OneDrive for Business,,2018-07-31T21:39:28+00:00,2018-07-31T22:05:51+00:00,Amazon AppStream 2.0,https://aws.amazon.com/blogs/desktop-and-application-streaming/amazon-appstream-2-0-adds-support-for-onedrive-for-business/
Amazon AppStream 2.0 and Amazon WorkSpaces announcements and launches – August,,2020-08-13T22:46:53+00:00,2020-08-14T21:00:42+00:00,Amazon AppStream 2.0,https://aws.amazon.com/blogs/desktop-and-application-streaming/amazon-appstream-2-0-and-amazon-workspaces-announcements-and-launches-august/
Amazon AppStream 2.0 releases a simple pricing tool,,2019-11-04T18:38:06+00:00,2023-12-01T23:05:48+00:00,Amazon AppStream 2.0,https://aws.amazon.com/blogs/desktop-and-application-streaming/amazon-appstream-2-0-releases-a-simple-pricing-tool/
"Amazon AppStream 2.0 Updates: Image Sharing APIs, Clipboard enhancement, and DescribeSessions API with client IP",,2018-07-18T23:23:28+00:00,2018-07-18T23:29:22+00:00,Amazon AppStream 2.0,https://aws.amazon.com/blogs/desktop-and-application-streaming/amazon-appstream-2-0-updates-image-sharing-apis-clipboard-enhancement-and-describesessions-api-with-client-ip/
Amazon WorkDocs Update – auto provisioning of directory users,,2020-09-24T22:05:37+00:00,2024-04-25T17:24:58+00:00,Amazon WorkDocs,https://aws.amazon.com/blogs/desktop-and-application-streaming/amazon-workdocs-update-auto-provisioning-of-directory-users/
Amazon WorkSpaces is now Chrome Enterprise Recommended,,2025-03-17T16:45:43+00:00,2025-11-11T14:08:53+00:00,Amazon AppStream 2.0,https://aws.amazon.com/blogs/desktop-and-application-streaming/amazon-workspaces-and-amazon-appstream-2-0-are-now-chrome-enterprise-recommended/
Amazon WorkSpaces and FlexApp Working Together,,2019-10-14T16:11:25+00:00,2019-10-14T16:11:25+00:00,Amazon WorkSpaces,https://aws.amazon.com/blogs/desktop-and-application-streaming/amazon-workspaces-and-flexapp-working-together/
Amazon WorkSpaces announces price reduction of up to 20% on the Performance bundle,,2019-09-11T23:03:21+00:00,2019-09-12T21:32:48+00:00,Amazon WorkSpaces,https://aws.amazon.com/blogs/desktop-and-application-streaming/amazon-workspaces-announces-price-reduction-of-up-to-20-on-the-performance-bundle/
Amazon WorkSpaces Application Manager (Amazon WAM) is retiring,,2022-09-01T16:13:11+00:00,2022-09-01T17:40:53+00:00,Amazon WorkSpaces,https://aws.amazon.com/blogs/desktop-and-application-streaming/amazon-workspaces-application-manager-amazon-wam-is-retiring/
Amazon WorkSpaces applications simple pricing tool,,2025-11-06T17:41:26+00:00,2025-11-11T14:55:24+00:00,Amazon WorkSpaces,https://aws.amazon.com/blogs/desktop-and-application-streaming/amazon-workspaces-applications-simple-pricing-tool/
Amazon WorkSpaces: Connecting your client device to your cloud desktop,,2019-01-31T00:43:35+00:00,2019-01-31T00:43:35+00:00,Amazon WorkSpaces,https://aws.amazon.com/blogs/desktop-and-application-streaming/amazon-workspaces-connectivity/
"Amazon WorkSpaces Flexible Workforce Offer Available on August 1, 2021",,2021-08-03T16:27:38+00:00,2021-08-03T16:27:38+00:00,Amazon WorkSpaces,https://aws.amazon.com/blogs/desktop-and-application-streaming/amazon-workspaces-flexible-workforce-offer-available-on-august-1-2021/
Amazon WorkSpaces Work from Home Offer for 2021,,2021-02-03T01:30:34+00:00,2023-01-03T23:19:03+00:00,Amazon WorkSpaces,https://aws.amazon.com/blogs/desktop-and-application-streaming/amazon-workspaces-free-tier-extension-2021/
Amazon WorkSpaces Multi-Region Resilience with ProfileUnity and PeerGFS,,2024-02-12T21:07:04+00:00,2024-02-20T19:48:45+00:00,End User Computing,https://aws.amazon.com/blogs/desktop-and-application-streaming/amazon-workspaces-multi-region-resilience-with-profileunity-and-peergfs/
Amazon WorkSpaces SAML 2.0 Federation with Keycloak,,2024-02-06T17:34:01+00:00,2024-02-06T17:34:01+00:00,Amazon WorkSpaces,https://aws.amazon.com/blogs/desktop-and-application-streaming/amazon-workspaces-saml-2-0-federation-with-keycloak/
Analyze access patterns in Amazon WorkSpaces,,2020-09-14T17:14:34+00:00,2021-11-23T05:34:31+00:00,Amazon WorkSpaces,https://aws.amazon.com/blogs/desktop-and-application-streaming/analyze-access-patterns-in-amazon-workspaces/
Analyze web browsing activities for Amazon WorkSpaces Secure Browser,,2024-09-03T22:59:03+00:00,2024-09-04T00:26:55+00:00,Amazon Athena,https://aws.amazon.com/blogs/desktop-and-application-streaming/analyze-web-browsing-activities-for-amazon-workspaces-secure-browser/
Analyze your Amazon AppStream 2.0 usage reports using Amazon Athena and Amazon QuickSight,,2019-05-21T20:42:26+00:00,2020-10-09T13:53:36+00:00,Amazon AppStream 2.0,https://aws.amazon.com/blogs/desktop-and-application-streaming/analyze-your-amazon-appstream-2-0-usage-reports-using-amazon-athena-and-amazon-quicksight/
Announcing native Entra ID and Intune support for Amazon WorkSpaces,,2024-08-27T18:54:02+00:00,2024-09-20T12:35:06+00:00,Amazon WorkSpaces,https://aws.amazon.com/blogs/desktop-and-application-streaming/announcing-native-entra-id-and-intune-support-for-amazon-workspaces/
Announcing new larger instance types for Amazon WorkSpaces Web,,2024-04-23T21:20:31+00:00,2024-04-23T21:20:31+00:00,Amazon WorkSpaces Secure Browser,https://aws.amazon.com/blogs/desktop-and-application-streaming/announcing-new-larger-instance-types-for-amazon-workspaces-web/
Announcing Red Hat Enterprise Linux 8 on Amazon WorkSpaces and Amazon AppStream 2.0,,2024-07-30T21:48:11+00:00,2024-07-30T21:53:10+00:00,Amazon AppStream 2.0,https://aws.amazon.com/blogs/desktop-and-application-streaming/announcing-red-hat-enterprise-linux-8-on-amazon-workspaces-and-appstream-2-0/
Announcing support for Amazon WorkSpaces Personal with AWS Global Accelerator,,2024-12-20T17:17:45+00:00,2024-12-20T17:17:45+00:00,Amazon WorkSpaces,https://aws.amazon.com/blogs/desktop-and-application-streaming/announcing-support-for-amazon-workspaces-personal-with-aws-global-accelerator/
Announcing the Amazon DCV Access Console as Open Source,,2025-06-18T15:21:12+00:00,2025-06-18T15:21:12+00:00,Amazon DCV,https://aws.amazon.com/blogs/desktop-and-application-streaming/announcing-the-amazon-dcv-access-console-as-open-source/
Announcing the Amazon WorkSpaces dynamic inventory plugin for Ansible®,,2024-04-18T20:18:31+00:00,2024-04-18T20:18:31+00:00,Amazon WorkSpaces,https://aws.amazon.com/blogs/desktop-and-application-streaming/announcing-the-amazon-workspaces-dynamic-inventory-plugin-for-ansible/
Announcing the End User Computing Lens for the Well-Architected Framework,,2025-09-18T20:48:51+00:00,2025-09-19T16:26:58+00:00,Announcements,https://aws.amazon.com/blogs/desktop-and-application-streaming/announcing-the-end-user-computing-lens-for-the-well-architected-framework/
AWS Announces the General Availability of Amazon WorkSpaces Web,,2021-12-01T00:11:05+00:00,2021-12-01T00:11:05+00:00,Announcements,https://aws.amazon.com/blogs/desktop-and-application-streaming/announcing-the-general-availability-of-amazon-workspaces-web/
Announcing the NICE DCV Access Console,,2024-07-16T16:17:33+00:00,2024-07-16T16:17:33+00:00,Announcements,https://aws.amazon.com/blogs/desktop-and-application-streaming/announcing-the-nice-dcv-access-console/
Announcing the NICE DCV Amazon-managed component for EC2 Image Builder,,2024-02-26T18:24:19+00:00,2024-02-26T18:24:19+00:00,Announcements,https://aws.amazon.com/blogs/desktop-and-application-streaming/announcing-the-nice-dcv-amazon-managed-component-for-ec2-image-builder/
Announcing updates to NICE DCV AWS CloudFormation Templates,,2023-04-18T14:41:10+00:00,2023-05-08T22:20:42+00:00,Announcements,https://aws.amazon.com/blogs/desktop-and-application-streaming/announcing-updates-to-nice-dcv-aws-cloudformation-templates/
Anomaly Detection in Amazon WorkSpaces,,2021-04-22T21:58:29+00:00,2021-04-26T15:30:44+00:00,Amazon CloudWatch,https://aws.amazon.com/blogs/desktop-and-application-streaming/anomaly-detection-in-amazon-workspaces/
Application Online Trial Expiration Control with Amazon AppStream 2.0,Changbin Gong,2020-07-15T23:25:49+00:00,2020-07-16T23:38:28+00:00,Amazon AppStream 2.0,https://aws.amazon.com/blogs/desktop-and-application-streaming/application-online-trial-expiration-control-with-amazon-appstream-2-0/
Automate Amazon WorkSpaces custom images across AWS Regions,,2021-09-29T16:09:56+00:00,2021-09-29T16:09:56+00:00,Amazon CloudWatch,https://aws.amazon.com/blogs/desktop-and-application-streaming/automate-amazon-workspaces-custom-images-across-aws-regions/
Automate Amazon WorkSpaces with a Self-Service Portal,,2018-09-17T16:46:20+00:00,2018-09-17T16:46:54+00:00,Amazon WorkSpaces,https://aws.amazon.com/blogs/desktop-and-application-streaming/automate-amazon-workspaces-with-a-self-service-portal/
Automate AppStream 2.0 Elastic fleet application updates with AWS Systems Manager,,2021-11-19T22:49:22+00:00,2021-11-19T22:49:22+00:00,Amazon AppStream 2.0,https://aws.amazon.com/blogs/desktop-and-application-streaming/automate-appstream-2-0-elastic-fleet-application-updates-with-aws-systems-manager/
Automate copy of Amazon WorkSpaces tags to hybrid activation resources in AWS Systems Manager,,2023-12-07T17:39:26+00:00,2024-08-22T19:52:33+00:00,Amazon EventBridge,https://aws.amazon.com/blogs/desktop-and-application-streaming/automate-copy-of-amazon-workspaces-tags-to-hybrid-activation-resources-in-aws-systems-manager/
Automate management of Amazon WorkSpaces and Amazon AppStream 2.0,,2023-11-01T21:23:19+00:00,2023-11-07T19:19:02+00:00,Amazon AppStream 2.0,https://aws.amazon.com/blogs/desktop-and-application-streaming/automate-management-of-amazon-workspaces-and-amazon-appstream-2-0/
Automate provisioning of Amazon WorkSpaces using AWS Lambda,,2020-04-22T20:56:00+00:00,2020-06-23T15:21:04+00:00,Amazon WorkSpaces,https://aws.amazon.com/blogs/desktop-and-application-streaming/automate-provisioning-of-amazon-workspaces-using-aws-lambda/
Automated Alerting on Amazon WorkSpaces Service Limits,,2022-01-07T15:15:49+00:00,2024-02-27T18:38:27+00:00,Amazon AppStream 2.0,https://aws.amazon.com/blogs/desktop-and-application-streaming/automated-alerting-on-amazon-workspaces-service-limits/
Automatically attach additional security groups to Amazon WorkSpaces and Amazon WorkSpaces Applications,,2022-09-19T18:41:05+00:00,2025-11-11T17:15:40+00:00,Amazon AppStream 2.0,https://aws.amazon.com/blogs/desktop-and-application-streaming/automatically-attach-additional-security-groups-to-amazon-appstream-2-0-and-amazon-workspaces/
Automatically create customized Amazon WorkSpaces Windows images,,2024-06-03T18:38:57+00:00,2024-07-03T20:25:35+00:00,Amazon WorkSpaces,https://aws.amazon.com/blogs/desktop-and-application-streaming/automatically-create-customized-amazon-workspaces-windows-images/
Automatically create customized WorkSpaces Applications Linux images,,2022-04-28T13:10:31+00:00,2025-11-11T17:44:56+00:00,Amazon AppStream 2.0,https://aws.amazon.com/blogs/desktop-and-application-streaming/automatically-create-customized-appstream-2-0-linux-images/
Automatically create customized WorkSpaces Applications Windows images,,2022-03-29T20:00:09+00:00,2025-11-11T17:37:39+00:00,Amazon AppStream 2.0,https://aws.amazon.com/blogs/desktop-and-application-streaming/automatically-create-customized-appstream-2-0-windows-images/
Automating AWS Systems Manager activation for Amazon WorkSpaces,,2021-12-10T22:59:22+00:00,2025-07-24T15:28:16+00:00,Desktop & Application Streaming,https://aws.amazon.com/blogs/desktop-and-application-streaming/automating-aws-systems-manager-activation-for-amazon-workspaces/
Automating Foundational NICE DCV Infrastructure,,2024-08-16T18:58:36+00:00,2024-08-20T15:41:49+00:00,Announcements,https://aws.amazon.com/blogs/desktop-and-application-streaming/automating-foundational-nice-dcv-infrastructure/
Automation of infrastructure and application deployment for Amazon AppStream 2.0 with Terraform,,2024-01-12T18:39:00+00:00,2024-01-12T18:39:00+00:00,Amazon AppStream 2.0,https://aws.amazon.com/blogs/desktop-and-application-streaming/automation-of-infrastructure-and-application-deployment-for-amazon-appstream-2-0-with-terraform/
AWS and Webex collaborate to improve worker experience,,2023-11-27T02:40:41+00:00,2023-11-27T17:40:19+00:00,Amazon WorkSpaces,https://aws.amazon.com/blogs/desktop-and-application-streaming/aws-and-webex-collaborate-to-improve-worker-experience/
AWS announces Availability of Amazon AppStream 2.0 in the Europe (London) Region,,2021-06-30T21:59:25+00:00,2021-07-01T16:08:31+00:00,Amazon AppStream 2.0,https://aws.amazon.com/blogs/desktop-and-application-streaming/aws-announces-availability-of-amazon-appstream-2-0-in-the-europe-london-region/
AWS Announces Availability of Amazon WorkSpaces in the Asia Pacific (Mumbai) Region,,2021-03-30T03:17:45+00:00,2021-03-30T03:17:45+00:00,Amazon WorkSpaces,https://aws.amazon.com/blogs/desktop-and-application-streaming/aws-announces-availability-of-amazon-workspaces-in-the-asia-pacific-mumbai-region/
AWS announces availability of Elastic fleets with Amazon AppStream 2.0,,2021-11-19T22:23:43+00:00,2022-01-14T19:53:37+00:00,Amazon AppStream 2.0,https://aws.amazon.com/blogs/desktop-and-application-streaming/aws-announces-availability-of-elastic-fleets-with-amazon-appstream-2-0/
AWS CloudFormation support for Amazon AppStream 2.0 resources and API enhancements,,2018-10-26T14:59:24+00:00,2019-05-16T16:50:49+00:00,Amazon AppStream 2.0,https://aws.amazon.com/blogs/desktop-and-application-streaming/aws-cloudformation-support-for-amazon-appstream-2-0-resources-and-api-enhancements/
AWS End User Computing coming to IGEL Disrupt 2023 in Nashville,,2023-03-30T17:39:52+00:00,2023-03-30T17:39:52+00:00,Announcements,https://aws.amazon.com/blogs/desktop-and-application-streaming/aws-end-user-computing-at-igel-disrupt-2023-nashville/
"AWS End User Computing at IGEL Disrupt 2024, Miami",,2024-04-25T22:10:12+00:00,2024-05-08T12:11:46+00:00,Amazon WorkSpaces,https://aws.amazon.com/blogs/desktop-and-application-streaming/aws-end-user-computing-at-igel-disrupt-2024-miami/
AWS End User Computing at re:Invent 2023: A sneak peek!,,2023-10-27T21:44:15+00:00,2023-12-20T18:20:48+00:00,Announcements,https://aws.amazon.com/blogs/desktop-and-application-streaming/aws-end-user-computing-at-reinvent-2023-a-sneak-peek/
AWS End User Computing (EUC) at Customer Contact Week 2023,,2023-06-15T22:07:25+00:00,2023-08-30T20:29:10+00:00,*Post Types,https://aws.amazon.com/blogs/desktop-and-application-streaming/aws-end-user-computing-euc-at-customer-contact-week-2023/
AWS End User Computing (EUC) at Washington DC Summit,,2024-06-20T17:48:07+00:00,2024-09-16T13:36:32+00:00,Amazon Machine Learning,https://aws.amazon.com/blogs/desktop-and-application-streaming/aws-end-user-computing-euc-at-washington-dc-summit/
AWS End User Computing Innovation Day 2023: Architecting end-user computing environments for change and agility,,2023-08-31T19:24:52+00:00,2023-11-01T21:30:50+00:00,Amazon AppStream 2.0,https://aws.amazon.com/blogs/desktop-and-application-streaming/aws-end-user-computing-innovation-day-2023-architecting-end-user-computing-environments-for-change-and-agility/
AWS EUC at Gartner Digital Workplace Summit (North America),,2023-06-09T17:55:02+00:00,2023-06-09T17:55:21+00:00,Announcements,https://aws.amazon.com/blogs/desktop-and-application-streaming/aws-euc-at-gartner-digital-workplace-summit-north-america/
AWS EUC New York Summit: EUC201: The AI Advantage: Unlocking the full potential of your EUC Services,,2025-06-27T17:15:03+00:00,2025-06-27T17:20:22+00:00,Amazon AppStream 2.0,https://aws.amazon.com/blogs/desktop-and-application-streaming/aws-euc-new-york-summit-euc201-the-ai-advantage-unlocking-the-full-potential-of-your-euc-services/
AWS EUC New York Summit: Using Amazon CloudWatch to analyze user access to Amazon WorkSpaces,,2023-07-24T17:07:45+00:00,2023-08-25T20:32:17+00:00,Announcements,https://aws.amazon.com/blogs/desktop-and-application-streaming/aws-euc-new-york-summit-using-amazon-cloudwatch-to-analyze-user-access-to-amazon-workspaces/
AWS EUC @re:Invent: Best practices for migrating on-premises VDI workloads to the cloud,,2022-11-15T21:06:49+00:00,2022-11-15T21:06:49+00:00,Desktop & Application Streaming,https://aws.amazon.com/blogs/desktop-and-application-streaming/aws-euc-reinvent-best-practices-for-migrating-on-premises-vdi-workloads-to-the-cloud/
AWS EUC @re:Invent: Building a secure end user computing environment for power users,,2022-11-11T19:24:00+00:00,2022-11-11T19:24:00+00:00,Amazon WorkSpaces,https://aws.amazon.com/blogs/desktop-and-application-streaming/aws-euc-reinvent-building-a-secure-end-user-computing-environment-for-power-users/
AWS EUC @re:Invent: Choosing an Amazon AppStream 2.0 fleet to reduce costs & optimize experience,,2022-11-14T23:19:47+00:00,2022-11-15T00:39:15+00:00,Amazon AppStream 2.0,https://aws.amazon.com/blogs/desktop-and-application-streaming/aws-euc-reinvent-choosing-an-amazon-appstream-2-0-fleet-to-reduce-costs-optimize-experience/
AWS EUC @re:Invent: Create an online software trial with Amazon AppStream 2.0,,2022-11-25T15:30:23+00:00,2022-11-30T00:47:51+00:00,Amazon AppStream 2.0,https://aws.amazon.com/blogs/desktop-and-application-streaming/aws-euc-reinvent-create-an-online-software-trial-with-amazon-appstream-2-0/
AWS EUC @re:Invent: Creating remote work environments that optimize security and productivity with Capital One,,2022-11-18T22:23:50+00:00,2024-09-19T00:50:25+00:00,Amazon AppStream 2.0,https://aws.amazon.com/blogs/desktop-and-application-streaming/aws-euc-reinvent-creating-remote-work-environments-that-optimize-security-and-productivity-with-capital-one/
AWS EUC @re:Invent: Day 1,,2022-11-28T14:27:27+00:00,2022-11-29T03:29:08+00:00,Amazon AppStream 2.0,https://aws.amazon.com/blogs/desktop-and-application-streaming/aws-euc-reinvent-day-1/
AWS EUC @re:Invent: Day 2,,2022-11-29T14:42:03+00:00,2022-11-30T05:56:12+00:00,Amazon AppStream 2.0,https://aws.amazon.com/blogs/desktop-and-application-streaming/aws-euc-reinvent-day-2/
AWS EUC @re:Invent: Day 3,,2022-11-30T14:36:07+00:00,2022-12-01T21:09:25+00:00,Amazon AppStream 2.0,https://aws.amazon.com/blogs/desktop-and-application-streaming/aws-euc-reinvent-day-3/
AWS EUC @re:Invent: Day 4,,2022-12-01T20:30:20+00:00,2022-12-05T20:06:32+00:00,Amazon AppStream 2.0,https://aws.amazon.com/blogs/desktop-and-application-streaming/aws-euc-reinvent-day-4/
AWS EUC @re:Invent: Enable secure access to private resources with Amazon WorkSpaces Web,,2022-11-21T17:47:48+00:00,2022-11-21T17:47:49+00:00,Announcements,https://aws.amazon.com/blogs/desktop-and-application-streaming/aws-euc-reinvent-enable-secure-access-to-private-resources-with-amazon-workspaces-web/
AWS EUC @re:Invent: Getting started with Amazon AppStream 2.0,,2022-11-22T17:57:20+00:00,2022-11-22T21:23:51+00:00,Amazon AppStream 2.0,https://aws.amazon.com/blogs/desktop-and-application-streaming/aws-euc-reinvent-getting-started-with-amazon-appstream-2-0/
AWS EUC @re:Invent: Getting Started with Amazon WorkSpaces,,2022-11-14T23:07:29+00:00,2022-11-14T23:07:29+00:00,Amazon WorkSpaces,https://aws.amazon.com/blogs/desktop-and-application-streaming/aws-euc-reinvent-getting-started-with-amazon-workspaces/
AWS EUC @re:Invent: Managing application deployment in an Amazon WorkSpaces environment,,2022-11-14T23:09:51+00:00,2022-11-14T23:09:51+00:00,Amazon WorkSpaces,https://aws.amazon.com/blogs/desktop-and-application-streaming/aws-euc-reinvent-managing-application-deployment-in-an-amazon-workspaces-environment/
AWS EUC @re:Invent: No refactoring required: Turning legacy applications into SaaS,,2022-11-16T15:42:14+00:00,2022-11-16T23:20:51+00:00,Amazon AppStream 2.0,https://aws.amazon.com/blogs/desktop-and-application-streaming/aws-euc-reinvent-no-refactoring-required-turning-legacy-applications-into-saas/
AWS EUC @re:Invent: Securely stream AWS workloads to your remote workers,,2022-11-17T00:00:25+00:00,2022-11-17T19:24:04+00:00,Amazon AppStream 2.0,https://aws.amazon.com/blogs/desktop-and-application-streaming/aws-euc-reinvent-securely-stream-aws-workloads-to-your-remote-workers/
AWS EUC @re:Invent: Streamlining log-on experience for Amazon WorkSpaces and Amazon AppStream 2.0,,2022-11-17T00:23:39+00:00,2022-11-17T19:23:29+00:00,Amazon AppStream 2.0,https://aws.amazon.com/blogs/desktop-and-application-streaming/aws-euc-reinvent-streamlining-log-on-experience-for-amazon-workspaces-and-amazon-appstream-2-0/
AWS EUC @re:Invent: What is Amazon WorkSpaces Core?,,2022-11-28T15:22:01+00:00,2023-05-23T20:23:46+00:00,Amazon WorkSpaces,https://aws.amazon.com/blogs/desktop-and-application-streaming/aws-euc-reinvent-what-is-amazon-workspaces-core/
AWS EUC Washington DC Summit: Using Amazon CloudWatch to analyze user access to Amazon WorkSpaces,,2023-06-06T21:24:20+00:00,2023-06-06T21:24:20+00:00,Amazon CloudWatch,https://aws.amazon.com/blogs/desktop-and-application-streaming/aws-euc-washington-dc-summit-using-amazon-cloudwatch-to-analyze-user-access-to-amazon-workspaces/
AWS EUC @re:Invent: Securing End User Computing Workloads on AWS End User Computing Services,,2022-11-22T18:06:33+00:00,2022-11-25T21:38:24+00:00,Amazon AppStream 2.0,https://aws.amazon.com/blogs/desktop-and-application-streaming/aws-eucreinvent-securing-end-user-computing-workloads-on-aws-end-user-computing-services/
AWS is named a Leader in IDC MarketScape: WW DaaS Vendor Assessment,,2023-02-08T16:56:58+00:00,2023-02-09T17:40:49+00:00,*Post Types,https://aws.amazon.com/blogs/desktop-and-application-streaming/aws-is-named-a-leader-in-idc-marketscape-ww-daas-vendor-assessment/
AWS recognized as a Leader in 2024 Gartner Magic Quadrant for Desktop as a Service,,2024-09-23T16:46:04+00:00,2024-09-23T16:46:04+00:00,Announcements,https://aws.amazon.com/blogs/desktop-and-application-streaming/aws-recognized-as-a-leader-in-2024-gartner-magic-quadrant-for-desktop-as-a-service/
AWS recognized as a Leader in 2025 Gartner Magic Quadrant for Desktop as a Service,,2025-08-15T14:46:34+00:00,2025-08-15T14:46:34+00:00,Amazon AppStream 2.0,https://aws.amazon.com/blogs/desktop-and-application-streaming/aws-recognized-as-a-leader-in-2025-gartner-magic-quadrant-for-desktop-as-a-service/
AWS re:Invent 2025: Transform your digital workplace with Amazon WorkSpaces,,2025-11-17T21:17:03+00:00,2025-11-21T21:04:35+00:00,Amazon WorkSpaces,https://aws.amazon.com/blogs/desktop-and-application-streaming/aws-reinvent-2025-transform-your-digital-workplace-with-amazon-workspaces/
"AWS Summit Washington, DC: What’s new with AWS and End User Computing (EUC) services",,2023-06-06T18:41:02+00:00,2023-06-06T19:04:30+00:00,Amazon AppStream 2.0,https://aws.amazon.com/blogs/desktop-and-application-streaming/aws-summit-washington-dc-whats-new-with-aws-and-end-user-computing-euc/
BBVA: Helping Global Remote Working with Amazon AppStream 2.0,,2020-05-13T21:39:27+00:00,2020-06-03T21:41:19+00:00,,https://aws.amazon.com/blogs/desktop-and-application-streaming/bbva-helping-global-remote-working-with-amazon-appstream-2-0/
Best practices for successful BYOL image creation for Amazon WorkSpaces,,2024-06-13T19:49:20+00:00,2025-02-24T14:27:15+00:00,Amazon WorkSpaces,https://aws.amazon.com/blogs/desktop-and-application-streaming/best-practices-for-successful-byol-image-creation-for-amazon-workspaces/
Boost contact center efficiency with Amazon WorkSpaces and Thin Client,,2024-10-10T16:48:33+00:00,2024-12-18T15:49:34+00:00,Announcements,https://aws.amazon.com/blogs/desktop-and-application-streaming/boost-contact-center-efficiency-with-amazon-workspaces-and-thin-client/
Bring your App-V packages to AppStream 2.0 with the dynamic application framework,,2019-09-11T17:58:35+00:00,2020-02-27T19:42:51+00:00,.NET,https://aws.amazon.com/blogs/desktop-and-application-streaming/bring-your-app-v-packages-to-appstream-2-0-with-the-dynamic-application-framework/
Build a customizable Virtual Desktop Infrastructure portal with NICE DCV,,2023-07-26T17:13:52+00:00,2023-07-27T13:42:52+00:00,Amazon EC2,https://aws.amazon.com/blogs/desktop-and-application-streaming/build-a-customizable-virtual-desktop-infrastructure-portal-with-nice-dcv/
Build a serverless session resolver for your NICE DCV Connection Gateway,,2024-01-22T18:31:56+00:00,2024-01-22T18:35:09+00:00,Compute,https://aws.amazon.com/blogs/desktop-and-application-streaming/build-a-serverless-session-resolver-for-your-nice-dcv-connection-gateway/
Build an Amazon Lex Chatbot to Manage Amazon WorkSpaces,,2018-08-06T22:02:41+00:00,2021-01-16T05:27:25+00:00,Amazon Lex,https://aws.amazon.com/blogs/desktop-and-application-streaming/build-an-amazon-lex-chatbot-to-operate-amazon-workspaces/
Build an enterprise cost and usage dashboard for Amazon WorkSpaces,,2022-11-21T23:01:45+00:00,2022-11-22T03:27:56+00:00,Amazon WorkSpaces,https://aws.amazon.com/blogs/desktop-and-application-streaming/build-an-enterprise-cost-and-usage-dashboard-for-amazon-workspaces/
Building a multi-region disaster recovery environment for Amazon WorkSpaces,,2019-08-13T20:05:26+00:00,2025-01-22T01:58:30+00:00,Amazon WorkSpaces,https://aws.amazon.com/blogs/desktop-and-application-streaming/building-a-multi-region-disaster-recovery-environment-for-amazon-workspaces/
Business continuity across multiple AWS Regions with Amazon WorkSpaces and AWS Directory Services,,2023-03-10T10:01:06+00:00,2023-03-10T10:01:06+00:00,Amazon WorkSpaces,https://aws.amazon.com/blogs/desktop-and-application-streaming/business-continuity-across-multiple-regions-with-amazon-workspaces-and-aws-directory-services/
Business Continuity and Disaster Recovery with Amazon WorkSpaces,Phil Persson,2019-12-16T21:58:32+00:00,2024-04-25T17:14:25+00:00,Amazon WorkSpaces,https://aws.amazon.com/blogs/desktop-and-application-streaming/business-continuity-and-disaster-recovery-with-amazon-workspaces/
Capture usage insights about your streaming environment with AppStream 2.0 session scripts,,2019-02-04T19:23:00+00:00,2020-10-08T08:01:44+00:00,Amazon AppStream 2.0,https://aws.amazon.com/blogs/desktop-and-application-streaming/capture-usage-insights-about-your-streaming-environment-with-appstream-2-0-session-scripts/
Citrix announces general availability of Citrix DaaS Machine Creation Services on Amazon WorkSpaces Core,,2025-07-22T13:55:40+00:00,2025-07-23T15:22:03+00:00,Amazon WorkSpaces,https://aws.amazon.com/blogs/desktop-and-application-streaming/citrix-announces-general-availability-of-citrix-daas-machine-creation-services-on-amazon-workspaces-core/
Citrix announces general availability of Citrix DaaS on Amazon WorkSpaces Core,,2024-08-19T14:09:30+00:00,2024-08-19T14:23:00+00:00,Amazon WorkSpaces Core,https://aws.amazon.com/blogs/desktop-and-application-streaming/citrix-announces-general-availability-of-citrix-daas-on-amazon-workspaces-core/
Citrix announces public tech preview of Citrix DaaS on Amazon WorkSpaces Core,,2024-02-28T16:08:19+00:00,2024-03-06T18:46:25+00:00,Amazon WorkSpaces Core,https://aws.amazon.com/blogs/desktop-and-application-streaming/citrix-announces-public-tech-preview-of-citrix-daas-on-amazon-workspaces-core/
Collaborative Neuron Tracing on AWS,,2023-12-20T18:18:27+00:00,2023-12-20T19:28:25+00:00,Amazon AppStream 2.0,https://aws.amazon.com/blogs/desktop-and-application-streaming/collaborative-neuron-tracing-on-aws/
Configuring Windows Remote Assistance for Amazon WorkSpaces and Amazon AppStream 2.0,,2022-05-31T14:47:58+00:00,2022-05-31T14:47:58+00:00,Amazon AppStream 2.0,https://aws.amazon.com/blogs/desktop-and-application-streaming/configuring-windows-remote-assistance-for-amazon-workspaces-and-amazon-appstream-2-0/
Connect Amazon FSx for NetApp ONTAP to Amazon AppStream 2.0 Linux instances,,2024-01-29T16:44:23+00:00,2024-01-29T16:44:23+00:00,Amazon AppStream 2.0,https://aws.amazon.com/blogs/desktop-and-application-streaming/connect-amazon-fsx-for-netapp-ontap-to-amazon-appstream-2-0-linux-instances/
Connecting Amazon WorkSpaces Personal with AWS PrivateLink,,2025-06-26T21:53:33+00:00,2025-06-26T21:53:33+00:00,Amazon WorkSpaces,https://aws.amazon.com/blogs/desktop-and-application-streaming/connecting-amazon-workspaces-personal-with-aws-privatelink/
Considerations for a successful Amazon WorkSpaces migration to WorkSpaces Streaming Protocol,,2023-12-05T18:04:48+00:00,2023-12-05T18:34:07+00:00,Amazon WorkSpaces,https://aws.amazon.com/blogs/desktop-and-application-streaming/considerations-for-a-successful-amazon-workspaces-migration-to-workspaces-streaming-protocol/
Convert desktop apps to SaaS without refactoring using Amazon AppStream 2.0,,2023-11-22T18:46:53+00:00,2023-11-22T19:18:56+00:00,Amazon AppStream 2.0,https://aws.amazon.com/blogs/desktop-and-application-streaming/convert-desktop-apps-to-saas-without-refactoring-using-amazon-appstream-2-0/
Converting a desktop application to a cloud service in less than an hour,,2023-09-07T15:20:17+00:00,2023-09-07T15:20:17+00:00,Amazon AppStream 2.0,https://aws.amazon.com/blogs/desktop-and-application-streaming/converting-a-desktop-application-to-a-cloud-service-in-less-than-an-hour/
Cost Optimizer for Amazon AppStream 2.0 on The Solutionist,,2024-03-04T18:03:43+00:00,2024-03-04T18:03:43+00:00,Amazon AppStream 2.0,https://aws.amazon.com/blogs/desktop-and-application-streaming/cost-optimizer-for-amazon-appstream-2-0-on-the-solutionist/
Cost Optimizer for Amazon WorkSpaces 2.7 released,,2024-07-30T22:00:47+00:00,2024-09-16T13:36:13+00:00,Amazon WorkSpaces,https://aws.amazon.com/blogs/desktop-and-application-streaming/cost-optimizer-for-amazon-workspaces-2-7-released/
Create a notification for changes to Amazon WorkSpaces gateway ranges,,2022-07-18T19:51:41+00:00,2022-07-18T19:51:41+00:00,Amazon WorkSpaces,https://aws.amazon.com/blogs/desktop-and-application-streaming/create-a-notification-for-changes-to-amazon-workspaces-gateway-ranges/
Create a PowerShell-Based dynamic app provider in Amazon WorkSpaces Applications,,2019-08-26T16:55:55+00:00,2025-11-11T17:31:14+00:00,.NET,https://aws.amazon.com/blogs/desktop-and-application-streaming/create-a-powershell-based-dynamic-app-provider-in-amazon-appstream-2-0/
Create a Single Identity Provider for all your Amazon AppStream 2.0 Stacks with Azure AD,,2021-08-11T16:51:02+00:00,2021-08-12T16:10:36+00:00,Amazon AppStream 2.0,https://aws.amazon.com/blogs/desktop-and-application-streaming/create-a-single-identity-provider-for-all-your-appstream-2-0-stacks-with-azure-ad/
Creating an AS2TrustedDomains DNS TXT record to redirect the WorkSpaces Applications native client to a third-party identity provider,,2023-05-04T14:34:52+00:00,2025-11-12T17:27:30+00:00,Amazon CloudFront,https://aws.amazon.com/blogs/desktop-and-application-streaming/creating-an-as2trusteddomains-dns-txt-record-to-redirect-the-appstream-2-0-native-client-to-a-third-party-identity-provider/
Creating an image programmatically with AppStream 2.0 Image Assistant CLI operations,,2019-08-01T21:39:51+00:00,2022-09-08T00:34:03+00:00,Advanced (300),https://aws.amazon.com/blogs/desktop-and-application-streaming/creating-an-image-programmatically-with-appstream-2-0-image-assistant-cli-operations/
Creating custom Amazon CloudWatch dashboards and widgets for Amazon WorkSpaces,,2023-12-21T21:31:29+00:00,2023-12-21T21:31:29+00:00,Amazon CloudWatch,https://aws.amazon.com/blogs/desktop-and-application-streaming/creating-custom-amazon-cloudwatch-dashboards-and-widgets-for-amazon-workspaces/
Creating custom logging and Amazon CloudWatch alerting in Amazon AppStream 2.0,,2020-02-05T20:40:23+00:00,2020-02-05T20:40:23+00:00,Advanced (300),https://aws.amazon.com/blogs/desktop-and-application-streaming/creating-custom-logging-and-amazon-cloudwatch-alerting-in-amazon-appstream-2-0/
Cross-account resources and Amazon AppStream 2.0,,2020-08-25T23:52:03+00:00,2020-08-26T17:14:13+00:00,Amazon AppStream 2.0,https://aws.amazon.com/blogs/desktop-and-application-streaming/cross-account-resources-and-amazon-appstream-2-0/
Cross-Region redirection with Geo Targetly and Amazon AppStream 2.0,,2021-10-18T15:46:52+00:00,2021-10-19T20:46:43+00:00,Amazon AppStream 2.0,https://aws.amazon.com/blogs/desktop-and-application-streaming/cross-region-redirection-with-geo-targetly-and-appstream-2-0/
Customize Amazon AppStream 2.0 with your own brand,,2018-05-09T22:13:23+00:00,2018-05-14T18:52:35+00:00,Amazon AppStream 2.0,https://aws.amazon.com/blogs/desktop-and-application-streaming/customize-amazon-appstream-2-0-with-your-own-brand/
Customizing the Amazon Linux WorkSpace,,2020-01-28T20:48:41+00:00,2022-03-14T14:51:52+00:00,Desktop & Application Streaming,https://aws.amazon.com/blogs/desktop-and-application-streaming/customizing-the-amazon-linux-workspace/
Deploy the Cost Optimizer for Amazon WorkSpaces in a highly-regulated environment.,,2024-11-12T14:21:18+00:00,2025-06-24T20:20:13+00:00,Amazon WorkSpaces,https://aws.amazon.com/blogs/desktop-and-application-streaming/deploy-the-cost-optimizer-for-amazon-workspaces-in-a-highly-regulated-environment/
Deploying and managing Amazon WorkSpaces applications with Ansible,,2023-11-14T17:18:12+00:00,2023-11-14T19:31:44+00:00,Amazon WorkSpaces,https://aws.amazon.com/blogs/desktop-and-application-streaming/deploying-and-managing-amazon-workspaces-applications-with-ansible/
Deploying SAP GUI on Amazon AppStream 2.0,,2018-06-04T21:02:23+00:00,2023-09-06T10:47:40+00:00,Amazon AppStream 2.0,https://aws.amazon.com/blogs/desktop-and-application-streaming/deploying-sap-gui-on-amazon-appstream-2-0/
Design considerations in highly regulated environments for Certificate Based Authentication with AppStream 2.0 and WorkSpaces,,2023-06-19T21:00:22+00:00,2023-07-03T18:05:55+00:00,Amazon AppStream 2.0,https://aws.amazon.com/blogs/desktop-and-application-streaming/design-considerations-in-highly-regulated-environments-for-certificate-based-authentication-with-appstream-2-0-workspaces/
Designing and Deploying Secure Environments Using Amazon WorkSpaces,,2025-04-18T15:35:55+00:00,2025-04-18T15:35:55+00:00,Amazon WorkSpaces,https://aws.amazon.com/blogs/desktop-and-application-streaming/designing-deploying-secure-environments-using-amazon-workspaces/
Disaster Recovery considerations with Amazon AppStream 2.0,,2022-04-04T20:53:21+00:00,2022-04-04T21:17:32+00:00,End User Computing,https://aws.amazon.com/blogs/desktop-and-application-streaming/disaster-recovery-considerations-with-amazon-appstream-2-0/
Display session expiration and a countdown timer in Amazon AppStream 2.0,,2023-05-01T18:00:25+00:00,2023-05-02T01:57:16+00:00,Amazon AppStream 2.0,https://aws.amazon.com/blogs/desktop-and-application-streaming/display-session-expiration-and-a-countdown-timer-in-amazon-appstream-2-0/
Disrupting your thinking on end-user computing,,2023-11-17T20:53:44+00:00,2023-12-20T18:21:26+00:00,Announcements,https://aws.amazon.com/blogs/desktop-and-application-streaming/disrupting-your-thinking-on-end-user-computing/
Dizzion Navigator Migration Service streamlines migrations to Omnissa Horizon 8 on Amazon WorkSpaces Core,,2024-07-26T20:45:16+00:00,2024-09-16T13:36:22+00:00,Amazon WorkSpaces Core,https://aws.amazon.com/blogs/desktop-and-application-streaming/dizzion-navigator-migration-service-streamlines-migrations-to-omnissa-horizon-8-on-amazon-workspaces-core/
Don’t just migrate your VDI – modernize it!,,2023-03-31T17:24:08+00:00,2023-05-08T22:22:05+00:00,Amazon AppStream 2.0,https://aws.amazon.com/blogs/desktop-and-application-streaming/dont-just-migrate-your-vdi-modernize-it/
DXC Technology creates DevSecOps and CI/CD for mainframe and Java using Amazon AppStream 2.0,,2021-03-01T19:17:15+00:00,2021-03-05T11:28:19+00:00,Amazon AppStream 2.0,https://aws.amazon.com/blogs/desktop-and-application-streaming/dxc-technology-devsecops-cicd-mainframe-amazon-appstream-2-0/
Dynamically delivering applications with Omnissa App Volumes to Amazon WorkSpaces Family,,2025-05-27T13:30:28+00:00,2025-11-19T16:13:16+00:00,Amazon WorkSpaces,https://aws.amazon.com/blogs/desktop-and-application-streaming/dynamically-delivering-applications-with-omnissa-app-volumes-to-amazon-workspaces-family-and-amazon-appstream-2-0/
Dynamically set NICE DCV session permissions at Windows logon,,2023-07-17T15:53:18+00:00,2023-07-17T15:53:39+00:00,Advanced (300),https://aws.amazon.com/blogs/desktop-and-application-streaming/dynamically-set-nice-dcv-session-permissions-at-windows-logon/
Elevate Consumer Directed Benefits (CDB) delivers secure browser access for remote staff using Amazon WorkSpaces Web,,2023-04-17T21:11:23+00:00,2023-05-08T22:21:03+00:00,Amazon WorkSpaces,https://aws.amazon.com/blogs/desktop-and-application-streaming/elevate-consumer-directed-benefits-cdb-delivers-secure-browser-access-for-remote-staff-using-amazon-workspaces-web/
Empowering the modern workforce with virtual meetings,,2023-09-12T15:57:06+00:00,2023-09-12T16:00:01+00:00,Amazon WorkSpaces,https://aws.amazon.com/blogs/desktop-and-application-streaming/empowering-the-modern-workforce-with-virtual-meetings/
Empowering your workforce with Amazon WorkSpaces services and Microsoft 365,,2023-08-01T15:58:39+00:00,2024-02-19T17:02:57+00:00,Amazon WorkSpaces,https://aws.amazon.com/blogs/desktop-and-application-streaming/empowering-your-workforce-with-amazon-workspaces-services-and-microsoft-365/
Enable federation with AWS Single Sign-On and Amazon AppStream 2.0,,2018-11-20T22:06:44+00:00,2024-09-19T00:53:37+00:00,Amazon AppStream 2.0,https://aws.amazon.com/blogs/desktop-and-application-streaming/enable-federation-with-aws-single-sign-on-and-amazon-appstream-2-0/
Enable federation with Bio-key PortalGuard and Amazon AppStream 2.0,"Benjamin TrunnellBenjamin Trunnell is a Solutions Architect with AWS’s Higher Education team. He has been working with the AWS Cloud for more than three years and enterprise infrastructure for more than twenty. Benjamin enjoys working with customers to understand the customer’s challenges and collaborating with the customer to build optimal solutions. Outside of work, he enjoys travel and the outdoors.",2022-01-24T18:22:57+00:00,2022-01-31T17:24:29+00:00,Amazon AppStream 2.0,https://aws.amazon.com/blogs/desktop-and-application-streaming/enable-federation-with-bio-key-portalguard-and-amazon-appstream-2-0/
Enable federation with JumpCloud SSO and Amazon AppStream 2.0,,2021-10-06T20:57:12+00:00,2021-10-19T15:58:16+00:00,Technical How-to,https://aws.amazon.com/blogs/desktop-and-application-streaming/enable-federation-with-jumpcloud-sso-and-appstream-2-0/
Enable your organizational domain for the AppStream 2.0 client with a Route 53 DNS TXT record,,2020-04-22T22:28:16+00:00,2024-05-15T16:34:30+00:00,Amazon AppStream 2.0,https://aws.amazon.com/blogs/desktop-and-application-streaming/enable-your-organizational-domain-for-the-appstream-2-0-client-with-a-route-53-dns-txt-record/
Enabling default OS and application settings for your users in Amazon AppStream 2.0,,2018-06-14T19:18:22+00:00,2021-01-16T05:27:30+00:00,Amazon AppStream 2.0,https://aws.amazon.com/blogs/desktop-and-application-streaming/enabling-default-os-and-application-settings-for-your-users-in-amazon-appstream-2-0/
Enabling federation with Entra single sign-on and Amazon AppStream 2.0,,2018-08-13T16:16:36+00:00,2024-08-16T19:11:04+00:00,Amazon AppStream 2.0,https://aws.amazon.com/blogs/desktop-and-application-streaming/enabling-federation-with-azure-ad-single-sign-on-and-amazon-appstream-2-0/
Enabling Federation with SimpleSAMLphp and Amazon AppStream 2.0,,2021-05-06T15:56:32+00:00,2021-05-06T15:56:32+00:00,Amazon AppStream 2.0,https://aws.amazon.com/blogs/desktop-and-application-streaming/enabling-federation-with-simplesamlphp-and-amazon-appstream-2-0/
Enabling identity federation with Duo Single Sign-On and Amazon AppStream 2.0,,2022-06-20T20:13:53+00:00,2022-06-28T19:42:25+00:00,Amazon AppStream 2.0,https://aws.amazon.com/blogs/desktop-and-application-streaming/enabling-identity-federation-with-duo-single-sign-on-and-amazon-appstream-2-0/
Enabling Identity Federation with Shibboleth and Amazon AppStream 2.0,Greg La,2020-10-28T00:34:55+00:00,2021-01-16T05:26:33+00:00,Amazon AppStream 2.0,https://aws.amazon.com/blogs/desktop-and-application-streaming/enabling-identity-federation-with-shibboleth-and-amazon-appstream-2-0/
Enabling remote macOS development with Amazon EC2 Mac and Amazon DCV,,2026-01-13T14:07:53+00:00,2026-01-13T14:07:53+00:00,Amazon DCV,https://aws.amazon.com/blogs/desktop-and-application-streaming/enabling-remote-macos-development-with-amazon-ec2-mac-and-amazon-dcv/
Enhance customer choice and flexibility with HP thin clients and Amazon WorkSpaces,,2022-11-17T17:55:49+00:00,2022-11-17T17:55:49+00:00,*Post Types,https://aws.amazon.com/blogs/desktop-and-application-streaming/enhance-customer-choice-and-flexibility-with-hp-thin-clients-and-amazon-workspaces/
Enhance Zoom video calls with Amazon WorkSpaces,,2023-06-21T20:08:47+00:00,2023-08-28T19:56:08+00:00,Amazon WorkSpaces,https://aws.amazon.com/blogs/desktop-and-application-streaming/enhance-zoom-video-calls-with-amazon-workspaces/
Enhance Zoom Virtual Meetings on Amazon WorkSpaces with the WorkSpaces Streaming Protocol,,2024-04-08T13:58:09+00:00,2024-04-08T13:58:09+00:00,Amazon WorkSpaces,https://aws.amazon.com/blogs/desktop-and-application-streaming/enhance-zoom-virtual-meetings-on-amazon-workspaces-with-the-workspaces-streaming-protocol/
Enhanced management for Amazon WorkSpaces Personal with ControlUp,,2024-08-28T19:01:55+00:00,2024-09-06T16:01:14+00:00,Amazon WorkSpaces,https://aws.amazon.com/blogs/desktop-and-application-streaming/enhanced-management-for-amazon-workspaces-personal-with-controlup/
Enhancing security with WebAuthn redirection in Amazon WorkSpaces,,2025-11-05T17:40:36+00:00,2025-11-05T17:40:36+00:00,Amazon DCV,https://aws.amazon.com/blogs/desktop-and-application-streaming/enhancing-security-with-webauthn-redirection-in-amazon-workspaces/
Enterprise Connect 2023 – AWS End User Computing enabling the modern contact center,,2023-03-20T19:22:04+00:00,2023-04-18T14:42:44+00:00,*Post Types,https://aws.amazon.com/blogs/desktop-and-application-streaming/enterprise-connect-2023-aws-end-user-computing-enabling-the-modern-contact-center/
Enterprise Connect 2024 – Contact Centers powered by Amazon WorkSpaces Thin Client,,2024-03-19T15:00:27+00:00,2024-03-19T15:11:12+00:00,Amazon WorkSpaces,https://aws.amazon.com/blogs/desktop-and-application-streaming/enterprise-connect-2024-contact-centers-powered-by-amazon-workspaces-thin-client/
Enterprise Connect 2025 – AWS End User Computing services for contact center agents,,2025-03-10T21:21:45+00:00,2025-03-10T21:22:28+00:00,Amazon Connect,https://aws.amazon.com/blogs/desktop-and-application-streaming/enterprise-connect-2025-aws-end-user-computing-services-for-contact-center-agents/
Use the EUC Toolkit to manage Amazon AppStream 2.0 and Amazon WorkSpaces,,2022-09-26T23:09:20+00:00,2022-09-26T23:09:20+00:00,Amazon AppStream 2.0,https://aws.amazon.com/blogs/desktop-and-application-streaming/euc-toolkit/
Exploring Amazon WorkSpaces Thin Client,,2023-11-27T02:35:11+00:00,2023-11-27T02:35:11+00:00,Amazon WorkSpaces,https://aws.amazon.com/blogs/desktop-and-application-streaming/exploring-amazon-workspaces-thin-client/
Extending Omnissa Horizon to Amazon WorkSpaces Core,,2022-11-02T20:23:57+00:00,2025-03-27T18:13:34+00:00,Amazon WorkSpaces,https://aws.amazon.com/blogs/desktop-and-application-streaming/extending-omnissa-horizon-to-amazon-workspaces/
Failover strategies for on-premises VDI with Amazon End User Computing,Aisha Bello,2023-03-15T21:08:52+00:00,2023-03-15T21:12:49+00:00,Amazon AppStream 2.0,https://aws.amazon.com/blogs/desktop-and-application-streaming/failover-strategies-for-on-premises-vdi-with-amazon-end-user-computing/
Federating Access to Amazon AppStream 2.0 from VMware Workspace ONE,,2018-08-08T16:52:22+00:00,2018-08-08T16:52:22+00:00,Amazon AppStream 2.0,https://aws.amazon.com/blogs/desktop-and-application-streaming/federating-access-to-amazon-appstream-2-0-from-vmware-workspace-one/
Ferrari and Bloomberg choose AWS for EUC,,2024-10-10T16:52:04+00:00,2024-10-17T15:26:46+00:00,Announcements,https://aws.amazon.com/blogs/desktop-and-application-streaming/ferrari-and-bloomberg-choose-aws-for-euc/
Filtering internet traffic from Amazon WorkSpaces,,2021-08-06T20:31:52+00:00,2021-08-09T11:31:54+00:00,Amazon WorkSpaces,https://aws.amazon.com/blogs/desktop-and-application-streaming/filtering-internet-traffic-from-amazon-workspaces/
Five reasons to enable Amazon WorkDocs within your Amazon WorkSpaces environment,,2019-11-06T23:23:19+00:00,2024-04-25T17:23:52+00:00,Amazon WorkDocs,https://aws.amazon.com/blogs/desktop-and-application-streaming/five-reasons-to-enable-amazon-workdocs-within-your-amazon-workspaces-environment/
Four new free courses for AWS End User Computing services,,2021-03-02T16:24:12+00:00,2021-03-02T16:46:42+00:00,,https://aws.amazon.com/blogs/desktop-and-application-streaming/four-new-free-courses-for-aws-end-user-computing-services/
From traditional to transformational: Converting applications to SaaS with Amazon AppStream 2.0,,2023-11-06T22:22:55+00:00,2023-11-07T19:17:31+00:00,*Post Types,https://aws.amazon.com/blogs/desktop-and-application-streaming/from-traditional-to-transformational-converting-applications-to-saas-with-amazon-appstream-2-0/
Gartner Digital Workplace Summit 2023 (EMEA),,2023-05-11T16:27:18+00:00,2023-06-19T21:03:12+00:00,Announcements,https://aws.amazon.com/blogs/desktop-and-application-streaming/gartner-digital-workplace-summit-2023-emea/
Generate custom usage reports for Amazon WorkSpaces,,2023-10-02T15:08:15+00:00,2023-10-02T16:15:48+00:00,Amazon WorkSpaces,https://aws.amazon.com/blogs/desktop-and-application-streaming/generate-custom-usage-reports-for-amazon-workspaces/
Generate logon messages for security and compliance in Amazon WorkSpaces,,2022-03-22T23:11:48+00:00,2022-03-22T23:11:48+00:00,*Post Types,https://aws.amazon.com/blogs/desktop-and-application-streaming/generate-logon-messages-for-security-and-compliance-in-amazon-windows-workspaces/
Genomics England improves its researcher experience with Amazon WorkSpaces,,2023-11-15T21:18:24+00:00,2023-12-20T18:19:48+00:00,Amazon WorkSpaces,https://aws.amazon.com/blogs/desktop-and-application-streaming/genomics-england-improves-its-researcher-experience-with-amazon-workspaces/
Getting Started with Amazon WorkSpaces Thin Client,,2023-12-22T10:35:41+00:00,2024-01-31T16:17:22+00:00,Announcements,https://aws.amazon.com/blogs/desktop-and-application-streaming/getting-started-with-amazon-workspaces-thin-client/
Getting started with Amazon WorkSpaces,,2023-11-16T23:47:16+00:00,2023-11-17T00:42:21+00:00,Amazon WorkSpaces,https://aws.amazon.com/blogs/desktop-and-application-streaming/getting-started-with-amazon-workspaces/
Getting started with managing NICE DCV sessions secured behind a NICE DCV Connection Gateway,,2023-01-20T11:26:15+00:00,2024-08-06T14:51:55+00:00,Desktop & Application Streaming,https://aws.amazon.com/blogs/desktop-and-application-streaming/getting-started-with-managing-nice-dcv-sessions-secured-behind-a-nice-dcv-connection-gateway/
Getting the most out of AWS EUC services with free workshops,,2023-05-31T16:25:46+00:00,2023-06-01T21:04:40+00:00,Amazon AppStream 2.0,https://aws.amazon.com/blogs/desktop-and-application-streaming/getting-the-most-out-of-aws-euc-services-with-euc-workshops/
Getting the most out of VMware Horizon 8 with Amazon WorkSpaces Core,,2023-11-26T00:34:55+00:00,2023-11-26T00:34:55+00:00,Amazon WorkSpaces Core,https://aws.amazon.com/blogs/desktop-and-application-streaming/getting-the-most-out-of-vmware-horizon-8-with-amazon-workspaces-core/
Google Drive for G Suite is now enabled on Amazon AppStream 2.0,,2018-06-04T19:24:45+00:00,2018-06-04T20:19:26+00:00,Amazon AppStream 2.0,https://aws.amazon.com/blogs/desktop-and-application-streaming/google-drive-for-g-suite-is-now-enabled-on-amazon-appstream-2-0/
Hardening DNS Resolution for Amazon WorkSpaces Personal,,2024-07-25T14:36:26+00:00,2024-07-25T14:36:26+00:00,Amazon WorkSpaces,https://aws.amazon.com/blogs/desktop-and-application-streaming/hardening-dns-resolution-for-amazon-workspaces-personal/
Healthcare Company Launches Rapid Self-Service Deployment and Improves Management of Thousands of Cloud Desktops Using Amazon WorkSpaces,,2025-06-25T17:56:00+00:00,2025-06-25T17:56:00+00:00,Amazon AppStream 2.0,https://aws.amazon.com/blogs/desktop-and-application-streaming/healthcare-company-launches-rapid-self-service-deployment-and-improves-management-of-thousands-of-cloud-desktops-using-amazon-workspaces/
How Amazon Uses Amazon AppStream 2.0 to Provide Data Scientists and Analysts with Access to Sensitive Data,,2021-03-10T17:43:31+00:00,2021-03-10T17:43:31+00:00,Amazon AppStream 2.0,https://aws.amazon.com/blogs/desktop-and-application-streaming/how-amazon-uses-appstream-2-0-to-provide-data-scientists-and-analysts-with-access-to-sensitive-data/
How Intuit uses Amazon AppStream 2.0 to migrate QuickBooks Desktop users to QuickBooks Online,,2023-09-21T19:42:23+00:00,2023-09-22T01:19:25+00:00,Amazon AppStream 2.0,https://aws.amazon.com/blogs/desktop-and-application-streaming/how-intuit-uses-amazon-appstream-2-0-to-migrate-quickbooks-desktop-users-to-quickbooks-online/
How Johnson & Johnson uses AppStream 2.0’s Usage Reports,,2020-01-21T17:16:26+00:00,2020-10-09T13:36:59+00:00,Amazon AppStream 2.0,https://aws.amazon.com/blogs/desktop-and-application-streaming/how-johnson-johnson-uses-appstream-2-0s-usage-reports/
How SoFi manages Amazon WorkSpaces at scale using AWS Systems Manager,,2023-06-02T16:27:01+00:00,2023-06-19T21:05:11+00:00,AWS Systems Manager,https://aws.amazon.com/blogs/desktop-and-application-streaming/how-sofi-manages-amazon-workspaces-at-scale-using-aws-systems-manager/
How to automate Amazon AppStream 2.0 image deployment,,2021-07-06T19:32:03+00:00,2021-07-06T20:27:18+00:00,Amazon AppStream 2.0,https://aws.amazon.com/blogs/desktop-and-application-streaming/how-to-automate-amazon-appstream-2-0-image-deployment/
How to configure Amazon WorkSpaces with Windows and Docker,,2021-08-09T17:45:34+00:00,2021-08-10T19:57:06+00:00,Amazon WorkSpaces,https://aws.amazon.com/blogs/desktop-and-application-streaming/how-to-configure-amazon-workspaces-with-windows-and-docker/
How to configure certificate-based authentication for WorkSpaces Applications,,2023-01-27T16:41:18+00:00,2025-12-17T19:58:08+00:00,Amazon AppStream 2.0,https://aws.amazon.com/blogs/desktop-and-application-streaming/how-to-configure-certificate-based-authentication-for-amazon-appstream-2-0/
How to configure certificate-based authentication for Amazon WorkSpaces,,2023-01-12T15:40:58+00:00,2025-12-17T16:18:47+00:00,Amazon WorkSpaces,https://aws.amazon.com/blogs/desktop-and-application-streaming/how-to-configure-certificate-based-authentication-for-amazon-workspaces/
How to configure Desktop Single Sign-On using Okta with audio optimization for Amazon Connect on Amazon WorkSpaces,,2023-08-28T16:32:05+00:00,2024-03-07T17:32:51+00:00,Amazon Connect,https://aws.amazon.com/blogs/desktop-and-application-streaming/how-to-configure-desktop-single-sign-on-using-okta-with-audio-optimization-for-amazon-connect-on-amazon-workspaces/
How to manage Amazon WorkSpaces cost optimization at scale,,2022-07-12T15:16:32+00:00,2022-07-12T15:16:32+00:00,Amazon Athena,https://aws.amazon.com/blogs/desktop-and-application-streaming/how-to-manage-amazon-workspaces-cost-optimization-at-scale/
How to report Amazon AppStream 2.0 home folder use with Amazon Athena,,2021-01-08T20:33:34+00:00,2022-09-20T22:19:23+00:00,Amazon AppStream 2.0,https://aws.amazon.com/blogs/desktop-and-application-streaming/how-to-report-amazon-appstream-2-0-home-folder-use-with-amazon-athena/
How to Set Up Workspot Cloud PCs and Amazon WorkSpaces Core,,2023-04-04T21:04:18+00:00,2024-01-24T13:28:32+00:00,Desktop & Application Streaming,https://aws.amazon.com/blogs/desktop-and-application-streaming/how-to-set-up-workspot-cloud-pcs-and-amazon-workspaces-core/
How to Use AutoCAD or AutoCAD LT on Amazon AppStream 2.0 or Amazon WorkSpaces,,2019-04-29T23:57:42+00:00,2019-04-29T23:57:42+00:00,Amazon AppStream 2.0,https://aws.amazon.com/blogs/desktop-and-application-streaming/how-to-use-autocad-or-autocad-lt-on-amazon-appstream-2-0-or-amazon-workspaces/
How to use automation to optimize and control cost of Amazon AppStream 2.0,,2023-08-30T15:10:12+00:00,2023-08-31T19:16:03+00:00,Amazon AppStream 2.0,https://aws.amazon.com/blogs/desktop-and-application-streaming/how-to-use-automation-to-optimize-and-control-cost-of-amazon-appstream-2-0/
How to use Okta claims with application entitlements for Amazon AppStream 2.0,,2022-01-07T20:09:01+00:00,2024-02-27T17:04:59+00:00,Amazon AppStream 2.0,https://aws.amazon.com/blogs/desktop-and-application-streaming/how-to-use-okta-claims-with-application-entitlements-for-amazon-appstream-2-0/
How to use SSM Run to perform programmatic actions on AppStream 2.0 image builders,,2020-01-06T19:17:42+00:00,2020-01-14T20:47:48+00:00,Advanced (300),https://aws.amazon.com/blogs/desktop-and-application-streaming/how-to-use-ssm-run-to-perform-programmatic-actions-on-appstream-2-0-image-builders/
How Verint Uses Amazon WorkSpaces Web to Securely Access Internal Resources,,2022-09-13T18:01:22+00:00,2024-03-22T19:05:11+00:00,Amazon WorkSpaces,https://aws.amazon.com/blogs/desktop-and-application-streaming/how-verint-uses-amazon-workspaces-web-to-securely-access-internal-resources/
Identifying Amazon WorkSpaces clients in your environment that are approaching end of life (EOL),,2025-01-22T22:23:12+00:00,2025-04-29T16:33:28+00:00,Amazon WorkSpaces,https://aws.amazon.com/blogs/desktop-and-application-streaming/identifying-amazon-workspaces-clients-in-your-environment-that-are-approaching-end-of-life-eol/
IGEL Disrupt 2023 München – Mit AWS End User Computing die moderne digitale Arbeitswelt ermöglichen,,2023-02-09T16:21:06+00:00,2023-02-14T03:10:55+00:00,*Post Types,https://aws.amazon.com/blogs/desktop-and-application-streaming/igel-disrupt-2023-munchen-mit-aws-end-user-computing-die-moderne-digitale-arbeitswelt-ermoglichen/
IGEL DISRUPT 2023 Munich – Accelerating innovation in cloud-based VDI,,2023-03-08T18:57:42+00:00,2023-03-08T19:00:02+00:00,Amazon AppStream 2.0,https://aws.amazon.com/blogs/desktop-and-application-streaming/igel-disrupt-2023-munich-accelerating-innovation-in-cloud-based-vdi/
IGEL Disrupt 2023 Munich – enabling the modern digital workforce with AWS End User Computing,,2023-02-08T19:45:11+00:00,2023-02-14T03:11:54+00:00,Amazon AppStream 2.0,https://aws.amazon.com/blogs/desktop-and-application-streaming/igel-disrupt-2023-munich-enabling-the-modern-digital-workforce-with-aws-end-user-computing/
IGEL Disrupt Nashville 2023 recap,,2023-05-04T19:00:57+00:00,2023-05-11T22:16:45+00:00,Amazon WorkSpaces,https://aws.amazon.com/blogs/desktop-and-application-streaming/igel-disrupt-nashville-2023-recap/
Improve performance and security by blocking ads on Windows Amazon WorkSpaces,,2024-03-11T14:58:47+00:00,2024-09-16T13:36:56+00:00,Amazon WorkSpaces,https://aws.amazon.com/blogs/desktop-and-application-streaming/improve-performance-and-security-by-blocking-ads-on-windows-amazon-workspaces/
Improve security and efficiency managing developer desktops with Amazon WorkSpaces,,2023-11-17T18:53:20+00:00,2023-11-17T18:53:20+00:00,Amazon WorkSpaces,https://aws.amazon.com/blogs/desktop-and-application-streaming/improve-security-and-efficiency-managing-developer-desktops-with-amazon-workspaces/
Improving LDAP Security in AWS Directory Service with Amazon WorkSpaces,,2020-02-25T17:41:58+00:00,2020-02-25T17:41:58+00:00,,https://aws.amazon.com/blogs/desktop-and-application-streaming/improving-ldap-security-in-aws-directory-service-with-amazon-workspaces/
Improving the security of your web-based workloads with Amazon WorkSpaces Web,,2023-08-31T19:25:15+00:00,2023-11-01T21:31:22+00:00,Amazon WorkSpaces Secure Browser,https://aws.amazon.com/blogs/desktop-and-application-streaming/improving-the-security-of-your-web-based-workloads-with-amazon-workspaces-web/
Infor accelerates time to market by converting application to SaaS with Amazon AppStream 2.0,,2023-08-30T20:37:26+00:00,2023-11-01T21:31:45+00:00,Amazon AppStream 2.0,https://aws.amazon.com/blogs/desktop-and-application-streaming/infor-accelerates-time-to-market-by-converting-application-to-saas-with-amazon-appstream-2-0/
Integrating Dropbox for persistent user data storage in Amazon AppStream 2.0,,2021-05-11T19:29:55+00:00,2022-03-28T21:51:56+00:00,Amazon AppStream 2.0,https://aws.amazon.com/blogs/desktop-and-application-streaming/integrating-dropbox-for-persistent-user-data-storage-in-appstream-2-0/
Integrating FreeRADIUS MFA with Amazon WorkSpaces,,2020-09-24T18:16:02+00:00,2023-02-08T16:39:07+00:00,,https://aws.amazon.com/blogs/desktop-and-application-streaming/integrating-freeradius-mfa-with-amazon-workspaces/
Integrating Microsoft Azure MFA Server with Amazon WorkSpaces,,2019-04-29T00:51:15+00:00,2020-06-29T16:16:22+00:00,Amazon WorkSpaces,https://aws.amazon.com/blogs/desktop-and-application-streaming/integrating-microsoft-azure-mfa-server-with-amazon-workspaces/
Integrating Okta MFA with Amazon WorkSpaces,,2019-04-02T17:53:20+00:00,2022-09-08T00:31:30+00:00,Advanced (300),https://aws.amazon.com/blogs/desktop-and-application-streaming/integrating-okta-mfa-with-amazon-workspaces/
Introducing an Improved BYOL Image Import Process for Amazon WorkSpaces,,2025-08-25T20:25:57+00:00,2025-08-25T20:25:57+00:00,Announcements,https://aws.amazon.com/blogs/desktop-and-application-streaming/introducing-an-improved-byol-image-import-process-for-amazon-workspaces/
Key considerations for single versus multi-session fleets on Amazon WorkSpaces Applications,,2024-07-02T14:46:36+00:00,2025-11-11T14:53:30+00:00,Amazon AppStream 2.0,https://aws.amazon.com/blogs/desktop-and-application-streaming/key-considerations-for-single-versus-multi-session-fleets-on-amazon-appstream-2-0/
Launching local applications from an Amazon WorkSpaces Applications streaming session,,2023-03-23T16:24:58+00:00,2025-11-11T17:08:23+00:00,Amazon AppStream 2.0,https://aws.amazon.com/blogs/desktop-and-application-streaming/launching-local-applications-from-an-amazon-appstream-2-0-streaming-session/
Learn how Vanguard built a secure sandbox system with AppStream 2.0 and AWS,,2018-06-22T19:59:40+00:00,2023-01-03T23:19:05+00:00,Amazon AppStream 2.0,https://aws.amazon.com/blogs/desktop-and-application-streaming/learn-how-vanguard-built-a-secure-sandbox-system-with-appstream-2-0-and-aws/
Learn more about managing Ubuntu Amazon WorkSpaces with Landscape,,2024-10-04T15:14:36+00:00,2024-10-04T15:14:36+00:00,Amazon WorkSpaces,https://aws.amazon.com/blogs/desktop-and-application-streaming/learn-more-about-managing-ubuntu-amazon-workspaces-with-landscape/
Leostream announces support for Amazon WorkSpaces Core,,2023-05-11T22:13:46+00:00,2023-06-19T21:01:54+00:00,Amazon WorkSpaces,https://aws.amazon.com/blogs/desktop-and-application-streaming/leostream-announces-support-for-amazon-workspaces-core/
Level Up Your End User Computing Skills: AWS Digital Course to Badge Success,,2026-01-22T19:43:42+00:00,2026-01-22T19:43:42+00:00,Amazon WorkSpaces,https://aws.amazon.com/blogs/desktop-and-application-streaming/level-up-your-end-user-computing-skills-aws-digital-course-to-badge-success/
Limit access to stream Amazon AppStream 2.0 applications to your IP ranges,,2019-04-11T20:42:20+00:00,2021-01-29T20:04:30+00:00,Amazon AppStream 2.0,https://aws.amazon.com/blogs/desktop-and-application-streaming/limit-access-to-stream-amazon-appstream-2-0-applications-to-your-ip-ranges/
Manage Amazon WorkSpaces lifecycle automatically with users in Active Directory,,2020-09-09T15:55:14+00:00,2020-09-09T15:56:35+00:00,Amazon WorkSpaces,https://aws.amazon.com/blogs/desktop-and-application-streaming/manage-amazon-workspaces-lifecycle-automatically-with-users-in-active-directory/
Manage Amazon WorkSpaces with Omnissa Workspace ONE UEM,,2023-01-27T18:44:38+00:00,2024-12-16T16:10:09+00:00,Amazon WorkSpaces,https://aws.amazon.com/blogs/desktop-and-application-streaming/manage-amazon-workspaces-with-vmware-workspace-one-uem/
Manage Aurora databases using an AppStream 2.0 Elastic fleet,,2023-07-13T17:11:46+00:00,2023-08-25T20:32:42+00:00,Amazon AppStream 2.0,https://aws.amazon.com/blogs/desktop-and-application-streaming/manage-aurora-databases-using-an-appstream-2-0-elastic-fleet/
Managing Amazon Linux 2 Amazon WorkSpaces with AWS OpsWorks for Puppet Enterprise,,2019-07-23T23:06:06+00:00,2023-07-20T15:55:11+00:00,Amazon WorkSpaces,https://aws.amazon.com/blogs/desktop-and-application-streaming/managing-amazon-linux-2-amazon-workspaces-with-aws-opsworks-for-puppet-enterprise/
Managing Amazon WorkSpaces by integrating AWS Service Catalog with ServiceNow,,2019-09-06T16:27:08+00:00,2019-09-06T16:27:53+00:00,Advanced (300),https://aws.amazon.com/blogs/desktop-and-application-streaming/managing-amazon-workspaces-by-integrating-aws-service-catalog-with-servicenow/
Managing computer labs on Amazon AppStream 2.0 with Open Source Virtual Application Management,,2022-11-08T18:34:32+00:00,2024-09-16T13:37:51+00:00,Amazon AppStream 2.0,https://aws.amazon.com/blogs/desktop-and-application-streaming/managing-computer-labs-on-amazon-appstream-2-0-with-open-source-virtual-application-management/
Methods of allocating your AppStream 2.0 costs to your business units,,2020-06-22T18:31:55+00:00,2020-06-22T18:32:14+00:00,Amazon AppStream 2.0,https://aws.amazon.com/blogs/desktop-and-application-streaming/methods-of-allocating-your-appstream-2-0-costs-to-your-business-units/
Microsoft Teams optimization for Amazon WorkSpaces is now in Public Preview,,2025-09-03T14:49:47+00:00,2025-09-03T14:49:47+00:00,Amazon DCV,https://aws.amazon.com/blogs/desktop-and-application-streaming/microsoft-teams-optimization-for-amazon-workspaces-is-now-in-public-preview/
Migrate your Windows desktop applications to WorkSpaces and AppStream 2.0 using Cloudhouse Containers,,2019-10-29T00:07:50+00:00,2019-10-29T00:07:50+00:00,Amazon AppStream 2.0,https://aws.amazon.com/blogs/desktop-and-application-streaming/migrate-your-windows-desktop-applications-to-workspaces-and-appstream-2-0-using-cloudhouse-containers/
Migrating Amazon WorkSpaces services from Microsoft Office included bundles to Microsoft 365,,2023-08-08T11:58:07+00:00,2023-12-11T19:42:57+00:00,Amazon WorkSpaces,https://aws.amazon.com/blogs/desktop-and-application-streaming/migrating-amazon-workspaces-services-from-microsoft-office-included-bundles-to-microsoft-365/
Migrating an on-premises VDI solution to AWS using Amazon WorkSpaces Core,,2023-09-06T21:07:48+00:00,2023-09-06T21:07:48+00:00,Amazon WorkSpaces,https://aws.amazon.com/blogs/desktop-and-application-streaming/migrating-an-on-premises-vdi-solution-to-aws-using-amazon-workspaces-core/
Monitor and automate AWS End User Computing (EUC) with AWS Chatbot,,2023-09-04T10:29:04+00:00,2023-09-05T20:30:04+00:00,Amazon AppStream 2.0,https://aws.amazon.com/blogs/desktop-and-application-streaming/monitor-and-automate-aws-end-user-computingeuc-with-aws-chatbot/
Monitoring Amazon AppStream 2.0 with Amazon OpenSearch Service and Amazon Kinesis Data Firehose,,2020-01-15T16:17:50+00:00,2021-09-23T17:51:23+00:00,Amazon AppStream 2.0,https://aws.amazon.com/blogs/desktop-and-application-streaming/monitoring-amazon-appstream-2-0-with-amazon-es-and-amazon-kinesis-data-firehose/
Navigating the Windows 10 to 11 Migration for Amazon WorkSpaces Personal,,2025-03-05T01:01:21+00:00,2025-03-05T01:01:21+00:00,Amazon WorkSpaces,https://aws.amazon.com/blogs/desktop-and-application-streaming/navigating-the-windows-10-to-11-migration-for-amazon-workspaces-personal/
Neo Financial achieves Zero Trust goals and meets compliance requirements with Amazon WorkSpaces Web,,2023-05-18T21:58:40+00:00,2023-05-18T21:58:40+00:00,Announcements,https://aws.amazon.com/blogs/desktop-and-application-streaming/neo-financial-achieves-zero-trust-goals-and-meets-compliance-requirements-with-amazon-workspaces-web/
Network Coverage delivers secure operations by utilizing Amazon End User Computing services,,2023-05-22T21:12:20+00:00,2023-05-22T21:13:24+00:00,Amazon AppStream 2.0,https://aws.amazon.com/blogs/desktop-and-application-streaming/network-coverage-delivers-secure-operations-by-utilizing-amazon-end-user-computing-services/
"Network Separation and Data Sanitization using Amazon WorkSpaces, Amazon AppStream 2.0, and Amazon Macie",,2020-07-10T20:53:12+00:00,2021-01-16T05:26:40+00:00,Advanced (300),https://aws.amazon.com/blogs/desktop-and-application-streaming/network-separation-and-data-sanitization-using-amazon-workspaces-amazon-appstream-2-0-and-amazon-macie/
New Amazon WorkSpaces features drive customer choice and flexibility,,2022-09-29T17:47:15+00:00,2022-10-26T21:14:32+00:00,*Post Types,https://aws.amazon.com/blogs/desktop-and-application-streaming/new-amazon-workspaces-features-drive-customer-choice-and-flexibility/
New features enhance Amazon WorkSpaces Family performance & productivity,,2022-11-18T00:04:34+00:00,2022-11-18T15:45:45+00:00,Amazon AppStream 2.0,https://aws.amazon.com/blogs/desktop-and-application-streaming/new-features-enhance-amazon-workspaces-family-performance-productivity/
New offers to enable work from home from Amazon WorkSpaces and Amazon WorkDocs,,2020-03-18T09:40:21+00:00,2020-05-21T17:13:57+00:00,Amazon WorkSpaces,https://aws.amazon.com/blogs/desktop-and-application-streaming/new-offers-to-enable-work-from-home-from-amazon-workspaces-and-amazon-workdocs/
New Omnissa Horizon 8 features supported by Amazon WorkSpaces Core,,2024-08-26T20:57:11+00:00,2024-08-26T21:04:26+00:00,Amazon WorkSpaces Core,https://aws.amazon.com/blogs/desktop-and-application-streaming/new-omnissa-horizon-8-features-supported-by-amazon-workspaces-core/
New – Use your own TLS certificates with Amazon WorkLink,,2019-04-17T19:37:11+00:00,2021-01-16T05:27:12+00:00,Amazon WorkLink,https://aws.amazon.com/blogs/desktop-and-application-streaming/new-use-your-own-tls-certificates-with-amazon-worklink/
Next-level SaaS security with Amazon WorkSpaces Web,,2023-11-02T17:20:48+00:00,2023-11-02T17:20:48+00:00,Customer Enablement,https://aws.amazon.com/blogs/desktop-and-application-streaming/next-level-saas-security-with-amazon-workspaces-web/
OneLogin SSO with Amazon WorkSpaces Applications,,2021-10-12T16:21:50+00:00,2025-12-10T18:33:33+00:00,Amazon AppStream 2.0,https://aws.amazon.com/blogs/desktop-and-application-streaming/onelogin-sso-with-amazon-appstream-2-0/
Optimize Amazon WorkSpaces applications fleet capacity with the Scaling Optimizer Tool,,2025-11-13T19:24:33+00:00,2025-11-13T19:24:33+00:00,Amazon WorkSpaces,https://aws.amazon.com/blogs/desktop-and-application-streaming/optimize-amazon-workspaces-applications-fleet-capacity-with-the-scaling-optimizer-tool/
Optimize Amazon WorkSpaces performance with the EUC Metrics Portal,,2023-11-13T16:51:14+00:00,2023-11-13T16:51:14+00:00,Amazon WorkSpaces,https://aws.amazon.com/blogs/desktop-and-application-streaming/optimize-amazon-workspaces-performance-with-the-euc-metrics-portal/
Optimize Amazon WorkSpaces Personal Performance with Amazon CloudWatch,,2024-10-11T20:04:46+00:00,2024-10-18T14:41:56+00:00,Amazon CloudWatch,https://aws.amazon.com/blogs/desktop-and-application-streaming/optimize-amazon-workspaces-personal-performance-with-amazon-cloudwatch/
Optimize application streaming costs with Amazon AppStream 2.0,,2023-11-03T17:38:38+00:00,2023-11-07T19:18:15+00:00,Amazon AppStream 2.0,https://aws.amazon.com/blogs/desktop-and-application-streaming/optimize-application-streaming-costs-with-amazon-appstream-2-0/
Optimize costs and security with Amazon WorkSpaces Family services,,2024-11-05T18:59:25+00:00,2024-11-05T18:59:25+00:00,Amazon WorkSpaces,https://aws.amazon.com/blogs/desktop-and-application-streaming/optimize-costs-and-security-with-amazon-workspaces-family-services/
Optimize end user experience for Zoom® on Amazon AppStream 2.0,,2023-12-22T19:44:27+00:00,2023-12-22T19:44:27+00:00,Amazon AppStream 2.0,https://aws.amazon.com/blogs/desktop-and-application-streaming/optimize-end-user-experience-for-zoom-on-amazon-appstream-2-0/
Optimize NICE DCV session latency with AWS Local Zones,,2023-02-13T23:09:36+00:00,2023-02-13T23:22:49+00:00,Desktop & Application Streaming,https://aws.amazon.com/blogs/desktop-and-application-streaming/optimize-nice-dcv-session-latency-with-aws-local-zones/
Optimize user experience in Amazon WorkSpaces across AWS Regions,,2024-06-12T17:31:51+00:00,2024-06-12T19:51:50+00:00,Amazon WorkSpaces,https://aws.amazon.com/blogs/desktop-and-application-streaming/optimize-user-experience-in-amazon-workspaces-across-aws-regions/
Optimize User Experience with latency-based routing for Amazon AppStream 2.0,,2021-10-18T15:47:04+00:00,2021-10-19T20:46:50+00:00,Amazon AppStream 2.0,https://aws.amazon.com/blogs/desktop-and-application-streaming/optimize-user-experience-with-latency-based-routing-for-amazon-appstream-2-0/
Optimize your Amazon Connect call audio path with Amazon AppStream 2.0,,2021-09-10T17:34:10+00:00,2021-09-10T17:38:43+00:00,Amazon AppStream 2.0,https://aws.amazon.com/blogs/desktop-and-application-streaming/optimize-your-amazon-connect-call-audio-path-with-amazon-appstream-2-0/
Optimizing costs using Amazon AppStream 2.0 fleet options,,2023-11-06T17:06:49+00:00,2023-11-17T20:57:37+00:00,Amazon AppStream 2.0,https://aws.amazon.com/blogs/desktop-and-application-streaming/optimizing-costs-using-amazon-appstream-2-0-fleet-options/
Overspending on laptops? Introducing Amazon WorkSpaces Thin Client,,2023-11-27T02:34:19+00:00,2023-11-27T02:34:20+00:00,Amazon AppStream 2.0,https://aws.amazon.com/blogs/desktop-and-application-streaming/overspending-on-laptops-introducing-amazon-workspaces-thin-client/
Providing hands-on technical experience at Parkway Schools with AppStream 2.0,,2023-07-25T15:02:02+00:00,2023-07-25T15:03:24+00:00,Amazon AppStream 2.0,https://aws.amazon.com/blogs/desktop-and-application-streaming/parkway-schools/
Performance enhancements to Amazon WorkSpaces Streaming Protocol (WSP),,2022-11-18T00:07:57+00:00,2025-09-22T21:10:43+00:00,Amazon WorkSpaces,https://aws.amazon.com/blogs/desktop-and-application-streaming/performance-enhancements-to-amazon-workspaces-streaming-protocol-wsp/
Persistent storage for Amazon AppStream 2.0 Linux Fleets on Amazon Elastic File System,,2023-10-23T16:31:18+00:00,2023-11-06T17:12:30+00:00,Amazon AppStream 2.0,https://aws.amazon.com/blogs/desktop-and-application-streaming/persistent-storage-for-amazon-appstream-2-0-linux-fleets-on-amazon-elastic-file-system/
Migrating to Microsoft 365 Apps for enterprise at scale on Amazon WorkSpaces,,2023-11-20T17:41:11+00:00,2024-02-17T00:39:55+00:00,Amazon WorkSpaces,https://aws.amazon.com/blogs/desktop-and-application-streaming/preparing-to-migrate-to-microsoft-365-apps-at-scale-on-amazon-workspaces/
Redirect an Okta SAML app to the Amazon WorkSpaces Applications native client,,2022-07-13T19:40:33+00:00,2025-11-12T14:24:31+00:00,Amazon AppStream 2.0,https://aws.amazon.com/blogs/desktop-and-application-streaming/redirect-an-okta-saml-app-to-the-amazon-appstream-2-0-native-client/
Reimagining End User Computing,,2021-01-21T17:24:00+00:00,2023-01-03T23:19:01+00:00,Amazon AppStream 2.0,https://aws.amazon.com/blogs/desktop-and-application-streaming/reimagining-end-user-computing/
SAML 2.0 and certificate-based authentication now available with Amazon WorkSpaces,,2022-11-18T18:46:22+00:00,2024-09-16T13:38:04+00:00,Amazon WorkSpaces,https://aws.amazon.com/blogs/desktop-and-application-streaming/saml-2-0-and-certificate-based-authentication-now-available-with-amazon-workspaces/
Scale your Amazon AppStream 2.0 fleets,,2018-11-12T21:03:01+00:00,2023-09-22T03:48:40+00:00,Amazon AppStream 2.0,https://aws.amazon.com/blogs/desktop-and-application-streaming/scale-your-amazon-appstream-2-0-fleets/
Scheduling managed image updates for AppStream 2.0,,2021-04-30T00:00:27+00:00,2022-11-16T16:10:33+00:00,Amazon AppStream 2.0,https://aws.amazon.com/blogs/desktop-and-application-streaming/scheduling-managed-image-updates-for-appstream-2-0/
Screening Eagle: Optimize CI/CD and end user experience in Amazon AppStream 2.0,,2022-06-01T16:44:50+00:00,2023-12-18T17:01:22+00:00,Amazon AppStream 2.0,https://aws.amazon.com/blogs/desktop-and-application-streaming/screening-eagle-optimize-ci-cd-and-end-user-experience-in-amazon-appstream-2-0/
Seamless Active Directory domain logon architecture with Amazon AppStream 2.0,,2022-11-01T18:28:06+00:00,2022-11-01T18:28:06+00:00,Announcements,https://aws.amazon.com/blogs/desktop-and-application-streaming/seamless-active-directory-domain-logon-architecture-with-amazon-appstream-2-0/
Seamless and secure end-user computing at Intuit with Amazon WorkSpaces,,2023-11-26T14:52:07+00:00,2023-12-20T18:20:14+00:00,Amazon WorkSpaces,https://aws.amazon.com/blogs/desktop-and-application-streaming/seamless-and-secure-end-user-computing-at-intuit-with-amazon-workspaces/
Convert existing Amazon WorkSpaces to the WorkSpaces Streaming Protocol without a rebuild,,2023-01-18T17:02:04+00:00,2023-01-18T17:02:04+00:00,Amazon WorkSpaces,https://aws.amazon.com/blogs/desktop-and-application-streaming/seamlessly-modify-existing-amazon-workspaces-to-use-the-workspaces-streaming-protocol/
Secure access to Amazon QuickSight with Amazon WorkSpaces Secure Browser,,2024-07-08T14:10:10+00:00,2024-07-11T16:58:30+00:00,Amazon QuickSight,https://aws.amazon.com/blogs/desktop-and-application-streaming/secure-access-to-amazon-quicksight-with-amazon-workspaces-secure-browser/
Secure browser access with Amazon WorkSpaces Web,,2023-09-13T19:17:57+00:00,2023-09-13T19:18:25+00:00,Amazon WorkSpaces Secure Browser,https://aws.amazon.com/blogs/desktop-and-application-streaming/secure-browser-access-with-amazon-workspaces-web/
Secure demo environment at Global Valuation with Amazon AppStream 2.0 and Amazon EC2,,2022-12-09T18:52:46+00:00,2022-12-09T18:52:46+00:00,Amazon AppStream 2.0,https://aws.amazon.com/blogs/desktop-and-application-streaming/secure-demo-environment-at-global-valuation-with-amazon-appstream-2-0-and-amazon-ec2/
Secure workloads with Amazon WorkSpaces Core,,2023-07-03T18:00:36+00:00,2023-08-25T20:32:59+00:00,Desktop & Application Streaming,https://aws.amazon.com/blogs/desktop-and-application-streaming/secure-workloads-with-amazon-workspaces-core/
Securely connect users to AWS with the Leostream Platform and NICE DCV,,2023-03-20T15:46:18+00:00,2023-04-18T14:43:08+00:00,Desktop & Application Streaming,https://aws.amazon.com/blogs/desktop-and-application-streaming/securely-connect-users-to-aws-with-the-leostream-platform-and-nice-dcv/
Securely stream AWS workloads to your remote workers,,2023-11-14T19:29:40+00:00,2023-11-14T19:35:38+00:00,Amazon AppStream 2.0,https://aws.amazon.com/blogs/desktop-and-application-streaming/securely-stream-aws-workloads-to-your-remote-workers/
Securing the Edge: AWS and IGEL Unite at Now and Next 2025,,2025-03-24T21:14:54+00:00,2025-03-25T16:22:50+00:00,Amazon AppStream 2.0,https://aws.amazon.com/blogs/desktop-and-application-streaming/securing-the-edge-aws-and-igel-unite-at-now-and-next-2025/
Selecting the right AWS End User Computing service for your needs,,2023-09-07T19:02:49+00:00,2023-09-07T19:02:49+00:00,Amazon AppStream 2.0,https://aws.amazon.com/blogs/desktop-and-application-streaming/selecting-the-right-aws-end-user-computing-service-for-your-needs/
Set up multi-factor authentication with OneLogin for Amazon WorkSpaces,,2021-08-27T00:01:07+00:00,2022-02-16T17:08:55+00:00,Customer Solutions,https://aws.amazon.com/blogs/desktop-and-application-streaming/set-up-multi-factor-authentication-with-onelogin-for-amazon-workspaces/
Setting up Google Workspace SAML 2.0 federation with Amazon AppStream 2.0,,2020-05-29T23:38:36+00:00,2022-08-17T19:51:17+00:00,Amazon AppStream 2.0,https://aws.amazon.com/blogs/desktop-and-application-streaming/setting-up-g-suite-saml-2-0-federation-with-amazon-appstream-2-0/
Simplify and secure your SAP GUI deployments with M365 integration on Amazon WorkSpaces Pools,,2024-09-30T13:53:04+00:00,2024-09-30T21:53:08+00:00,Amazon WorkSpaces,https://aws.amazon.com/blogs/desktop-and-application-streaming/simplify-and-secure-your-sap-gui-deployments-with-m365-integration-on-amazon-workspaces-pools/
Simplify Amazon AppStream 2.0 image management with Application Masking,,2021-02-16T17:46:23+00:00,2021-02-16T17:46:23+00:00,Amazon AppStream 2.0,https://aws.amazon.com/blogs/desktop-and-application-streaming/simplify-appstream-2-0-image-management-with-application-masking/
Simplify certificate-based authentication for WorkSpaces with AWS Private CA Connector for Active Directory,,2024-09-11T13:00:20+00:00,2025-12-17T20:19:22+00:00,Amazon AppStream 2.0,https://aws.amazon.com/blogs/desktop-and-application-streaming/simplify-certificate-based-authentication-for-appstream-2-0-and-workspaces-with-aws-private-ca-connector-for-active-directory/
Simplify Device Redirection in Amazon WorkSpaces Personal and Amazon AppStream 2.0 Using FabulaTech Software,,2025-07-17T15:19:02+00:00,2025-07-17T15:19:02+00:00,Amazon AppStream 2.0,https://aws.amazon.com/blogs/desktop-and-application-streaming/simplify-device-redirection-on-amazon-workspaces-personal-and-amazon-appstream-using-fabulatech/
"Simplifying Amazon WorkSpaces access with JumpCloud Go: a secure, passwordless approach",,2024-02-19T16:03:04+00:00,2024-02-22T17:47:34+00:00,Amazon WorkSpaces,https://aws.amazon.com/blogs/desktop-and-application-streaming/simplifying-amazon-workspaces-access-with-jumpcloud-go-a-secure-passwordless-approach/
Solving common Amazon WorkSpaces connection issues to on-premises setups,,2020-08-18T16:26:16+00:00,2020-08-18T16:26:16+00:00,Amazon WorkSpaces,https://aws.amazon.com/blogs/desktop-and-application-streaming/solving-common-amazon-workspaces-connection-issues-to-on-premises-setups/
Streaming ArcGIS Pro from Amazon AppStream 2.0,,2019-02-20T23:17:08+00:00,2019-02-25T16:04:08+00:00,Amazon AppStream 2.0,https://aws.amazon.com/blogs/desktop-and-application-streaming/steaming-arcgis-pro-from-amazon-appstream-2-0/
Storing AppStream 2.0 Windows Event logs in S3 with IAM roles and Windows Task Scheduler,,2020-02-05T21:36:39+00:00,2020-02-05T21:36:39+00:00,End User Computing,https://aws.amazon.com/blogs/desktop-and-application-streaming/storing-appstream-2-0-windows-event-logs-with-iam-roles-and-windows-task-scheduler/
Strategies for enabling any application in a virtual desktop environment,,2023-09-08T17:53:23+00:00,2023-09-08T17:53:23+00:00,Amazon WorkSpaces,https://aws.amazon.com/blogs/desktop-and-application-streaming/strategies-for-enabling-any-application-in-a-virtual-desktop-environment/
Stream applications at a lower cost with Amazon AppStream 2.0 Elastic fleets and Linux compatibility,,2021-11-19T22:52:34+00:00,2021-11-19T22:52:34+00:00,Amazon AppStream 2.0,https://aws.amazon.com/blogs/desktop-and-application-streaming/stream-applications-at-a-lower-cost-with-amazon-appstream-2-0-elastic-fleets-and-linux-compatibility/
Stream PTC Creo CAD Application on Amazon AppStream 2.0 in 6 Easy Steps,,2021-02-23T17:58:51+00:00,2021-02-24T16:39:37+00:00,Amazon AppStream 2.0,https://aws.amazon.com/blogs/desktop-and-application-streaming/stream-ptc-creo-cad-application-on-amazon-appstream-2-0-in-6-easy-steps/
Stream your FlexApps with your Amazon AppStream 2.0 environment,,2019-05-15T22:54:56+00:00,2019-05-16T15:32:17+00:00,,https://aws.amazon.com/blogs/desktop-and-application-streaming/stream-your-flexapps-with-your-amazon-appstream-2-0-environment/
Streaming from interface VPC endpoints for Regulated environments with Amazon WorkSpaces applications,,2023-03-07T16:42:07+00:00,2025-11-11T19:44:22+00:00,Amazon AppStream 2.0,https://aws.amazon.com/blogs/desktop-and-application-streaming/streaming-from-vpc-endpoints-with-appstream-2-0/
Streamline application onboarding with applications manager for Amazon WorkSpaces Applications,,2023-06-29T22:23:11+00:00,2025-11-11T17:12:17+00:00,Amazon AppStream 2.0,https://aws.amazon.com/blogs/desktop-and-application-streaming/streamline-application-onboarding-with-applications-manager-for-amazon-appstream-2-0/
Streamline automation and management of the Amazon WorkSpaces Family,,2024-10-18T16:27:50+00:00,2024-10-18T16:36:18+00:00,Amazon WorkSpaces,https://aws.amazon.com/blogs/desktop-and-application-streaming/streamline-automation-and-management-of-the-amazon-workspaces-family/
Streamlining migration of virtual desktop infrastructure to AWS End User Computing,,2023-11-24T18:05:14+00:00,2023-11-24T23:20:06+00:00,Announcements,https://aws.amazon.com/blogs/desktop-and-application-streaming/streamlining-migration-of-virtual-desktop-infrastructure-to-aws-end-user-computing/
Streamlining VDI migration to AWS with Amazon WorkSpaces Core,,2023-09-12T22:16:52+00:00,2023-09-13T19:03:34+00:00,Amazon WorkSpaces Core,https://aws.amazon.com/blogs/desktop-and-application-streaming/streamlining-vdi-migration-to-aws-with-amazon-workspaces-core/
Track user processes in Amazon AppStream 2.0 sessions,,2023-08-24T18:48:49+00:00,2023-08-30T20:30:19+00:00,Amazon AppStream 2.0,https://aws.amazon.com/blogs/desktop-and-application-streaming/track-user-processes-in-amazon-appstream-2-0-sessions/
Two new blogs on Amazon AppStream 2.0 in education,,2018-12-06T16:36:46+00:00,2018-12-06T16:39:42+00:00,Amazon AppStream 2.0,https://aws.amazon.com/blogs/desktop-and-application-streaming/two-new-blogs-on-appstream-2-0-in-education/
Understand user access patterns and optimize Amazon WorkSpaces with Amazon CloudWatch,,2023-11-20T18:14:06+00:00,2023-11-20T18:21:19+00:00,Amazon CloudWatch,https://aws.amazon.com/blogs/desktop-and-application-streaming/understand-user-access-patterns-and-optimize-amazon-workspaces-with-amazon-cloudwatch/
Unified access to AWS End User Computing services,,2024-02-29T19:14:56+00:00,2025-11-12T14:16:08+00:00,Amazon AppStream 2.0,https://aws.amazon.com/blogs/desktop-and-application-streaming/unified-access-to-aws-end-user-computing-services/
Unlock Deeper Insights for your Amazon WorkSpaces with ControlUp,,2025-06-24T15:42:28+00:00,2025-06-24T15:42:28+00:00,Amazon WorkSpaces,https://aws.amazon.com/blogs/desktop-and-application-streaming/unlock-deeper-insights-for-your-amazon-workspaces-with-controlup/
Use Agentic AI to Simplify Amazon WorkSpaces Support with Amazon Bedrock Agents,,2025-06-19T18:13:41+00:00,2025-06-19T18:13:41+00:00,Amazon AppStream 2.0,https://aws.amazon.com/blogs/desktop-and-application-streaming/use-agentic-ai-to-simplify-amazon-workspaces-support-with-amazon-bedrock-agents/
Use Amazon AppStream 2.0 application entitlements with Azure AD,,2022-01-07T16:46:43+00:00,2022-01-07T16:46:43+00:00,Amazon AppStream 2.0,https://aws.amazon.com/blogs/desktop-and-application-streaming/use-amazon-appstream-2-0-application-entitlements-with-azure-ad/
Use Amazon CloudWatch Events with Amazon WorkSpaces and AWS Lambda for greater fleet visibility,,2019-03-04T21:11:09+00:00,2019-03-04T21:11:09+00:00,Amazon WorkSpaces,https://aws.amazon.com/blogs/desktop-and-application-streaming/use-amazon-cloudwatch-events-with-amazon-workspaces-and-aws-lambda-for-greater-fleet-visibility/
Use Amazon FSx for Windows File Server and FSLogix to Optimize Application Settings Persistence on Amazon AppStream 2.0,,2020-07-02T18:17:58+00:00,2021-01-16T05:26:43+00:00,Amazon AppStream 2.0,https://aws.amazon.com/blogs/desktop-and-application-streaming/use-amazon-fsx-and-fslogix-to-optimize-application-settings-persistence-on-amazon-appstream-2-0/
Use AWS Lambda to adjust scaling steps and thresholds for Amazon AppStream 2.0,,2023-07-18T15:04:03+00:00,2023-07-18T15:05:01+00:00,Amazon AppStream 2.0,https://aws.amazon.com/blogs/desktop-and-application-streaming/use-aws-lambda-to-adjust-scaling-steps-and-thresholds-for-amazon-appstream-2-0/
Use Microsoft Entra MFA and Microsoft Network Policy Server (NPS) for multi-factor authentication with Amazon WorkSpaces,,2020-04-03T01:54:11+00:00,2024-05-08T12:13:14+00:00,Amazon WorkSpaces,https://aws.amazon.com/blogs/desktop-and-application-streaming/use-azure-mfa-and-microsoft-network-policy-server-nps-for-multi-factor-authentication-with-amazon-workspaces/
"Use Elastic fleets and Linux for inexpensive, secure bastion hosts in Amazon AppStream 2.0",,2021-11-19T23:51:42+00:00,2022-12-19T21:53:07+00:00,Amazon AppStream 2.0,https://aws.amazon.com/blogs/desktop-and-application-streaming/use-elastic-fleets-and-linux-for-inexpensive-secure-bastion-hosts-in-amazon-appstream-2-0/
Use Session Tags to Simplify AppStream 2.0 Permissions,,2021-03-09T21:55:43+00:00,2021-03-09T21:55:43+00:00,Amazon AppStream 2.0,https://aws.amazon.com/blogs/desktop-and-application-streaming/use-session-tags-to-simplify-appstream-2-0-permissions/
Use Veyon to remote control and monitor virtual labs on Amazon WorkSpaces,,2023-05-15T20:47:15+00:00,2023-05-15T20:47:15+00:00,Amazon WorkSpaces,https://aws.amazon.com/blogs/desktop-and-application-streaming/use-veyon-to-remote-control-and-monitor-virtual-labs-on-amazon-workspaces/
Use your IGEL-powered thin client endpoint to stream your Amazon AppStream 2.0 applications,,2019-06-04T15:58:35+00:00,2021-06-21T17:43:29+00:00,Amazon AppStream 2.0,https://aws.amazon.com/blogs/desktop-and-application-streaming/use-your-igel-powered-thin-client-endpoint-to-stream-your-amazon-appstream-2-0-applications/
User Issue Reporter for Amazon AppStream 2.0,,2020-06-19T22:09:48+00:00,2020-06-19T22:14:22+00:00,Amazon API Gateway,https://aws.amazon.com/blogs/desktop-and-application-streaming/user-issue-reporter-for-amazon-appstream-2-0/
Using Amazon API Gateway with Amazon WorkSpaces to interact with AWS resources,,2020-04-06T17:46:51+00:00,2020-05-29T20:43:09+00:00,Amazon WorkSpaces,https://aws.amazon.com/blogs/desktop-and-application-streaming/using-amazon-api-gateway-with-amazon-workspaces-to-interact-with-aws-resources/
Using Amazon AppStream 2.0 application entitlements with Google Workspace,,2022-12-12T22:36:52+00:00,2022-12-29T07:46:30+00:00,Amazon AppStream 2.0,https://aws.amazon.com/blogs/desktop-and-application-streaming/using-amazon-appstream-2-0-application-entitlements-with-google-workspace/
Using Amazon CloudWatch to prepare for WSP migration of Amazon WorkSpaces,,2023-02-24T17:29:34+00:00,2023-02-24T17:30:54+00:00,Amazon CloudWatch,https://aws.amazon.com/blogs/desktop-and-application-streaming/using-amazon-cloudwatch-to-prepare-for-wsp-migration-of-amazon-workspaces/
Using Amazon FSx for Windows File Server with Amazon WorkSpaces,,2019-01-09T17:30:05+00:00,2019-01-09T17:30:05+00:00,Amazon WorkSpaces,https://aws.amazon.com/blogs/desktop-and-application-streaming/using-amazon-fsx-for-windows-file-server-with-amazon-workspaces/
Using Amazon FSx with Amazon AppStream 2.0,,2018-11-28T18:37:42+00:00,2021-01-16T05:27:23+00:00,Amazon AppStream 2.0,https://aws.amazon.com/blogs/desktop-and-application-streaming/using-amazon-fsx-with-amazon-appstream-2-0/
Using Amazon WorkDocs with Amazon AppStream 2.0,,2018-11-21T17:30:32+00:00,2024-04-25T17:22:58+00:00,Amazon AppStream 2.0,https://aws.amazon.com/blogs/desktop-and-application-streaming/using-amazon-workdocs-with-amazon-appstream-2-0/
Using AppStream 2.0 as a hardened and auto-scaled bastion host,,2021-08-10T23:47:54+00:00,2021-08-10T23:47:54+00:00,Amazon AppStream 2.0,https://aws.amazon.com/blogs/desktop-and-application-streaming/using-appstream-2-0-as-a-hardened-and-auto-scaled-bastion-host/
Using Auth0 with Microsoft Active Directory on Amazon AppStream 2.0,,2022-12-20T00:58:31+00:00,2022-12-20T22:08:43+00:00,Amazon AppStream 2.0,https://aws.amazon.com/blogs/desktop-and-application-streaming/using-auth0-with-ad-on-amazon-appstream-2-0/
Understand end-user access to Amazon WorkSpaces with Amazon CloudWatch,,2022-07-19T16:59:22+00:00,2023-02-16T18:56:55+00:00,Amazon WorkSpaces,https://aws.amazon.com/blogs/desktop-and-application-streaming/using-cloudwatch-to-understand-how-end-users-are-accessing-workspaces/
Using custom domains with Amazon AppStream 2.0,,2019-11-01T18:06:54+00:00,2020-02-19T20:45:19+00:00,Advanced (300),https://aws.amazon.com/blogs/desktop-and-application-streaming/using-custom-domains-with-amazon-appstream-2-0/
Using Kinesis Agent for Linux to stream application logs in AppStream 2.0,,2023-02-17T22:14:39+00:00,2023-03-23T16:32:54+00:00,Amazon AppStream 2.0,https://aws.amazon.com/blogs/desktop-and-application-streaming/using-kinesis-agent-for-linux-to-stream-application-logs-in-appstream-2-0/
Using Kinesis Agent for Microsoft Windows to store AppStream 2.0 Windows Event Logs,,2020-02-05T21:37:37+00:00,2022-05-05T18:27:26+00:00,Amazon AppStream 2.0,https://aws.amazon.com/blogs/desktop-and-application-streaming/using-kinesis-agent-for-microsoft-windows-to-store-appstream-2-0-windows-event-logs/
Using Microsoft AppLocker to manage application experience on Amazon AppStream 2.0,,2020-07-15T21:07:32+00:00,2020-07-15T21:07:32+00:00,Amazon AppStream 2.0,https://aws.amazon.com/blogs/desktop-and-application-streaming/using-microsoft-applocker-to-manage-application-experience-on-amazon-appstream-2-0/
Using multi-Region AWS Managed Active Directory with Amazon WorkSpaces,,2022-04-07T20:56:58+00:00,2022-04-07T20:56:58+00:00,Amazon WorkSpaces,https://aws.amazon.com/blogs/desktop-and-application-streaming/using-multi-region-aws-managed-active-directory-with-amazon-workspaces/
Using Python to power an AppStream 2.0 Linux Imaging Assistant GUI,,2022-09-12T16:46:41+00:00,2022-09-12T16:46:41+00:00,Amazon AppStream 2.0,https://aws.amazon.com/blogs/desktop-and-application-streaming/using-python-to-power-an-appstream-2-0-linux-imaging-assistant-gui/
Using serverless AWS services as an external authenticator for NICE DCV,,2023-05-08T14:43:42+00:00,2023-06-19T21:03:36+00:00,Amazon EC2,https://aws.amazon.com/blogs/desktop-and-application-streaming/using-serverless-aws-services-as-an-external-authenticator-for-nice-dcv/
Utilize OneLogin with application entitlements for Amazon AppStream 2.0,,2023-01-25T17:47:02+00:00,2023-01-25T17:58:07+00:00,Amazon AppStream 2.0,https://aws.amazon.com/blogs/desktop-and-application-streaming/utilize-onelogin-with-application-entitlements-for-amazon-appstream-2-0/
Utilizing CloudWatch Internet Monitor with Amazon WorkSpaces Personal,,2024-08-29T13:17:20+00:00,2024-08-29T20:19:21+00:00,Amazon CloudWatch,https://aws.amazon.com/blogs/desktop-and-application-streaming/utilizing-cloudwatch-internet-monitor-with-amazon-workspaces-personal/
Visualize Amazon WorkSpaces Utilization With Amazon QuickSight,,2024-12-20T21:04:17+00:00,2024-12-20T21:20:30+00:00,Amazon QuickSight,https://aws.amazon.com/blogs/desktop-and-application-streaming/visualize-amazon-workspaces-utilization-with-amazon-quicksight/
"Visualizing AppStream 2.0 session latency metrics using AWS Lambda, Amazon Kinesis Data Stream and Amazon OpenSearch Service",,2022-06-27T14:20:43+00:00,2024-01-31T16:23:21+00:00,End User Computing,https://aws.amazon.com/blogs/desktop-and-application-streaming/visualizing-appstream-2-0-session-latency-metrics-using-aws-lambda-amazon-kinesis-data-stream-and-amazon-opensearch-service/
Web application redirection options for the AppStream 2.0 Client,,2021-03-30T15:02:36+00:00,2021-04-22T19:56:18+00:00,Amazon API Gateway,https://aws.amazon.com/blogs/desktop-and-application-streaming/web-application-redirection-options-for-the-appstream-2-0-client/
Welcome to the Desktop and Application Streaming Blog,,2018-05-08T18:42:59+00:00,2018-05-08T18:54:48+00:00,Amazon AppStream 2.0,https://aws.amazon.com/blogs/desktop-and-application-streaming/welcome-to-the-desktop-and-application-streaming-blog/
What AWS End User Computing is brewing for re:Invent 2022,,2022-11-11T19:09:34+00:00,2023-10-17T21:10:19+00:00,Announcements,https://aws.amazon.com/blogs/desktop-and-application-streaming/what-aws-end-user-computing-is-brewing-for-reinvent-2022/
"When updates can’t wait, look to the cloud",,2024-10-17T16:54:55+00:00,2024-10-17T16:55:33+00:00,Amazon WorkSpaces,https://aws.amazon.com/blogs/desktop-and-application-streaming/when-updates-cant-wait-look-to-the-cloud/
Why Customers Are Moving Their Windows Desktops to the Cloud with Amazon WorkSpaces,,2019-10-11T17:55:06+00:00,2020-07-10T21:00:48+00:00,Amazon WorkSpaces,https://aws.amazon.com/blogs/desktop-and-application-streaming/why-customers-are-moving-their-windows-desktops-to-the-cloud-with-aws/
Windows 10 end of support is almost here – Run Windows 11 on Amazon WorkSpaces,,2025-07-14T16:05:08+00:00,2025-07-14T16:05:08+00:00,Amazon WorkSpaces,https://aws.amazon.com/blogs/desktop-and-application-streaming/windows-10-end-of-support-is-almost-here-run-windows-11-on-amazon-workspaces/
Windows 10 System Registry Backup,,2019-07-04T00:02:32+00:00,2019-07-04T00:43:13+00:00,,https://aws.amazon.com/blogs/desktop-and-application-streaming/windows-10-system-registry-backup/
Work From Home Offer – Extended – Amazon WorkSpaces and Amazon Chime,,2020-06-25T00:12:08+00:00,2020-11-25T17:28:30+00:00,Amazon Chime,https://aws.amazon.com/blogs/desktop-and-application-streaming/work-from-home-offer-extended-amazon-workspaces/
Work from home offer for Amazon WorkSpaces,,2020-04-01T17:06:01+00:00,2020-07-10T20:54:14+00:00,Amazon WorkDocs,https://aws.amazon.com/blogs/desktop-and-application-streaming/work-from-home-offer-for-amazon-workspaces/
Workshops for Amazon AppStream 2.0 and Amazon WorkSpaces updated,,2022-05-27T16:32:28+00:00,2022-05-27T16:32:28+00:00,Amazon AppStream 2.0,https://aws.amazon.com/blogs/desktop-and-application-streaming/workshops-for-amazon-appstream-2-0-and-amazon-workspaces-updated/
Workspot announces Cloud PCs powered by Amazon WorkSpaces Core,,2023-02-14T03:04:08+00:00,2023-02-14T03:07:23+00:00,Announcements,https://aws.amazon.com/blogs/desktop-and-application-streaming/workspot-announces-cloud-pcs-powered-by-amazon-workspaces-core/
Workspot Announces General Availability on Amazon WorkSpaces Core,,2025-07-02T14:43:55+00:00,2025-07-02T14:44:18+00:00,Amazon WorkSpaces,https://aws.amazon.com/blogs/desktop-and-application-streaming/workspot-announces-general-availability-on-amazon-workspaces-core/
Workspot kündigt Amazon Workspaces Core unterstützte Cloud-PCs an.,,2023-02-14T03:04:12+00:00,2023-02-17T22:22:29+00:00,Amazon WorkSpaces,https://aws.amazon.com/blogs/desktop-and-application-streaming/workspot-kundigt-amazon-workspaces-core-unterstutzte-cloud-pcs-an/
Your guide to End User Computing at re:Invent 2020,,2020-12-07T23:36:48+00:00,2021-01-15T18:17:15+00:00,*Post Types,https://aws.amazon.com/blogs/desktop-and-application-streaming/your-aws-euc-guide-to-reinvent-2020/
Your AWS EUC guide to re:Invent,,2019-11-11T20:38:42+00:00,2020-11-21T00:51:41+00:00,AWS re:Invent,https://aws.amazon.com/blogs/desktop-and-application-streaming/your-euc-guide-to-reinvent-breakout-sessions/
Your guide to End User Computing at re:Invent 2021,,2021-11-19T23:15:01+00:00,2021-11-24T23:27:18+00:00,Amazon AppStream 2.0,https://aws.amazon.com/blogs/desktop-and-application-streaming/your-guide-to-end-user-computing-at-reinvent-2021/
